Player Name,Unique ID,Player ID,Role,Date,Match ID,Season,Split,Event,Day,Stage,Round,Best of ,Game Number,Game,Team,Victory,OT,Extra Time,Arena,Closest to Ball_All Zones,Closest to Ball_Defense Zone,Closest to Ball_Neutral Zone,Closest to Ball_Offense Zone,Furthest from Ball_All Zones,Furthest from Ball_Defense Zone,Furthest from Ball_Neutral Zone,Furthest from Ball_Offense Zone,First man_All Zones,First man_Defense Zone,First man_Neutral Zone,First man_Offense Zone,Last man_All Zones,Last man_Defense Zone,Last man_Neutral Zone,Last man_Offense Zone,Left Side_All Zones,Left Side_Defense Zone,Left Side_Neutral Zone,Left Side_Offense Zone,Right Side_All Zones,Right Side_Defense Zone,Right Side_Neutral Zone,Right Side_Offense Zone,Ball Touches_All Zones,Ball Touches_Defense Zone,Ball Touches_Neutral Zone,Ball Touches_Offense Zone,Time on Ball_All Zones,Time on Ball_Defense Zone,Time on Ball_Neutral Zone,Time on Ball_Offense Zone,Behind Ball_All Zones,Behind Ball_Defense Zone,Behind Ball_Neutral Zone,Behind Ball_Offense Zone,Ahead of Ball_All Zones,Ahead of Ball_Defense Zone,Ahead of Ball_Neutral Zone,Ahead of Ball_Offense Zone,Average Ball Distance_All Zones,Average Ball Distance_Defense Zone,Average Ball Distance_Neutral Zone,Average Ball Distance_Offense Zone,Distance traveled_All Zones,Distance traveled_Defense Zone,Distance traveled_Neutral Zone,Distance traveled_Offense Zone,Distance traveled on ground_All Zones,Distance traveled on ground_Defense Zone,Distance traveled on ground_Neutral Zone,Distance traveled on ground_Offense Zone,Distance traveled in the air_All Zones,Distance traveled in the air_Defense Zone,Distance traveled in the air_Neutral Zone,Distance traveled in the air_Offense Zone,Distance traveled in low air_All Zones,Distance traveled in low air_Defense Zone,Distance traveled in low air_Neutral Zone,Distance traveled in low air_Offense Zone,Distance traveled in high air_All Zones,Distance traveled in high air_Defense Zone,Distance traveled in high air_Neutral Zone,Distance traveled in high air_Offense Zone,Average Speed_All Zones,Average Speed_Defense Zone,Average Speed_Neutral Zone,Average Speed_Offense Zone,Max Speed (82.8)_All Zones,Max Speed (82.8)_Defense Zone,Max Speed (82.8)_Neutral Zone,Max Speed (82.8)_Offense Zone,SuperSonic (80+)_All Zones,SuperSonic (80+)_Defense Zone,SuperSonic (80+)_Neutral Zone,SuperSonic (80+)_Offense Zone,Boost Speed (50-79)_All Zones,Boost Speed (50-79)_Defense Zone,Boost Speed (50-79)_Neutral Zone,Boost Speed (50-79)_Offense Zone,Drive Speed (1-49)_All Zones,Drive Speed (1-49)_Defense Zone,Drive Speed (1-49)_Neutral Zone,Drive Speed (1-49)_Offense Zone,Stopped_All Zones,Stopped_Defense Zone,Stopped_Neutral Zone,Stopped_Offense Zone,On Ground_All Zones,On Ground_Defense Zone,On Ground_Neutral Zone,On Ground_Offense Zone,In Air_All Zones,In Air_Defense Zone,In Air_Neutral Zone,In Air_Offense Zone,In Low Air_All Zones,In Low Air_Defense Zone,In Low Air_Neutral Zone,In Low Air_Offense Zone,In High Air_All Zones,In High Air_Defense Zone,In High Air_Neutral Zone,In High Air_Offense Zone,Average Boost_All Zones,Average Boost_Defense Zone,Average Boost_Neutral Zone,Average Boost_Offense Zone,Empty (0)_All Zones,Empty (0)_Defense Zone,Empty (0)_Neutral Zone,Empty (0)_Offense Zone,Low (0-33)_All Zones,Low (0-33)_Defense Zone,Low (0-33)_Neutral Zone,Low (0-33)_Offense Zone,Medium (34-66)_All Zones,Medium (34-66)_Defense Zone,Medium (34-66)_Neutral Zone,Medium (34-66)_Offense Zone,High (67-100)_All Zones,High (67-100)_Defense Zone,High (67-100)_Neutral Zone,High (67-100)_Offense Zone,Full (100)_All Zones,Full (100)_Defense Zone,Full (100)_Neutral Zone,Full (100)_Offense Zone,Boost Gained_All Zones,Boost Gained_Defense Zone,Boost Gained_Neutral Zone,Boost Gained_Offense Zone,Boost Lost_All Zones,Boost Lost_Defense Zone,Boost Lost_Neutral Zone,Boost Lost_Offense Zone,Boost Lost while SuperSonic_All Zones,Boost Lost while SuperSonic_Defense Zone,Boost Lost while SuperSonic_Neutral Zone,Boost Lost while SuperSonic_Offense Zone,Boost Lost while Max Speed_All Zones,Boost Lost while Max Speed_Defense Zone,Boost Lost while Max Speed_Neutral Zone,Boost Lost while Max Speed_Offense Zone,Boost Lost on Ground_All Zones,Boost Lost on Ground_Defense Zone,Boost Lost on Ground_Neutral Zone,Boost Lost on Ground_Offense Zone,Boost Lost in Air_All Zones,Boost Lost in Air_Defense Zone,Boost Lost in Air_Neutral Zone,Boost Lost in Air_Offense Zone,Boost Lost in Low Air_All Zones,Boost Lost in Low Air_Defense Zone,Boost Lost in Low Air_Neutral Zone,Boost Lost in Low Air_Offense Zone,Boost Lost in High Air_All Zones,Boost Lost in High Air_Defense Zone,Boost Lost in High Air_Neutral Zone,Boost Lost in High Air_Offense Zone,Passes Given_All Zones,Passes Given_Defense Zone,Passes Given_Neutral Zone,Passes Given_Offense Zone,Passes Received_All Zones,Passes Received_Defense Zone,Passes Received_Neutral Zone,Passes Received_Offense Zone,50/50s_All Zones,50/50s_Defense Zone,50/50s_Neutral Zone,50/50s_Offense Zone,Possession Losses_All Zones,Possession Losses_Defense Zone,Possession Losses_Neutral Zone,Possession Losses_Offense Zone,Interceptions_All Zones,Interceptions_Defense Zone,Interceptions_Neutral Zone,Interceptions_Offense Zone,Self Touches_All Zones,Self Touches_Defense Zone,Self Touches_Neutral Zone,Self Touches_Offense Zone,Score_All Zones,Score_Defense Zone,Score_Neutral Zone,Score_Offense Zone,Goals_All Zones,Goals_Defense Zone,Goals_Neutral Zone,Goals_Offense Zone,Shots_All Zones,Shots_Defense Zone,Shots_Neutral Zone,Shots_Offense Zone,Assists_All Zones,Assists_Defense Zone,Assists_Neutral Zone,Assists_Offense Zone,Saves_All Zones,Saves_Defense Zone,Saves_Neutral Zone,Saves_Offense Zone,Kills_All Zones,Kills_Defense Zone,Kills_Neutral Zone,Kills_Offense Zone,Deaths_All Zones,Deaths_Defense Zone,Deaths_Neutral Zone,Deaths_Offense Zone,Boost Lost When Demoed_All Zones,Boost Lost When Demoed_Defense Zone,Boost Lost When Demoed_Neutral Zone,Boost Lost When Demoed_Offense Zone,Avg Speed When Demoed_All Zones,Avg Speed When Demoed_Defense Zone,Avg Speed When Demoed_Neutral Zone,Avg Speed When Demoed_Offense Zone,Avg Speed After Killing_All Zones,Avg Speed After Killing_Defense Zone,Avg Speed After Killing_Neutral Zone,Avg Speed After Killing_Offense Zone,Avg Boost When Demoed_All Zones,Avg Boost When Demoed_Defense Zone,Avg Boost When Demoed_Neutral Zone,Avg Boost When Demoed_Offense Zone,Avg Boost When Killing_All Zones,Avg Boost When Killing_Defense Zone,Avg Boost When Killing_Neutral Zone,Avg Boost When Killing_Offense Zone,Small Pads Collected_All Zones,Small Pads Collected_Defense Zone,Small Pads Collected_Neutral Zone,Small Pads Collected_Offense Zone,Big Boosts Collected_All Zones,Big Boosts Collected_Defense Zone,Big Boosts Collected_Neutral Zone,Big Boosts Collected_Offense Zone,Overfill from Small Pads_All Zones,Overfill from Small Pads_Defense Zone,Overfill from Small Pads_Neutral Zone,Overfill from Small Pads_Offense Zone,Overfill from Big Boosts_All Zones,Overfill from Big Boosts_Defense Zone,Overfill from Big Boosts_Neutral Zone,Overfill from Big Boosts_Offense Zone,Boost Gained from Small Pads_All Zones,Boost Gained from Small Pads_Defense Zone,Boost Gained from Small Pads_Neutral Zone,Boost Gained from Small Pads_Offense Zone,Boost Gained from Big Boosts_All Zones,Boost Gained from Big Boosts_Defense Zone,Boost Gained from Big Boosts_Neutral Zone,Boost Gained from Big Boosts_Offense Zone
carca,SSA-P-10210,Steam|76561198995240510|0,STARTER,2026-06-13T17:08:28.000Z,20260613-170828-2026-2v2-2v2-Playoffs-LR1-G1,2026,2v2,2v2,2,Playoffs,LR1,7,1,1,GOOD LITTLE KITTENS,TRUE,FALSE,0,Mannfield (Night),61,25,15,21,42,16,14,12,53,15,12,26,49,26,16,7,48,22,12,13,52,18,15,19,29,11,10,8,36,13,10,13,74,33,23,19,26,7,5,14,1808,1895,2179,1483,493400,188649,135456,169295,231147,96561,64353,70233,249947,88267,67529,94151,206717,70656,55580,80481,43230,17611,11949,13670,57,54,60,61,10,3,2,4,18,5,6,8,45,19,12,15,37,17,10,10,0,0,0,0,53,23,15,16,47,18,13,16,39,14,11,14,8,4,2,2,39,45,41,32,19,6,6,6,51,17,15,19,21,10,4,7,28,14,9,6,4,2,1,1,3095,1335,1024,736,3104,1334,759,1011,150,28,43,79,411,121,110,180,1316,596,354,366,1956,730,551,675,1595,566,454,575,361,164,97,100,6,2,2,2,3,2,1,0,4,1,3,0,4,0,2,2,9,4,3,2,12,5,4,3,602,0,0,0,1,0,0,0,9,0,0,0,2,0,0,0,1,0,0,0,0,0,0,0,0,0,0,0,0,0,0,0,0,0,0,0,0,0,0,0,0,0,0,0,0,0,0,0,67,24,17,26,25,11,9,5,8,2,6,0,266,96,74,96,796,286,198,312,2234,1004,826,404
tweex,SSA-P-10270,Steam|76561198303997299|0,STARTER,2026-06-13T17:08:28.000Z,20260613-170828-2026-2v2-2v2-Playoffs-LR1-G1,2026,2v2,2v2,2,Playoffs,LR1,7,1,1,GOOD LITTLE KITTENS,TRUE,FALSE,0,Mannfield (Night),40,13,11,17,60,29,14,17,48,14,11,23,52,28,13,11,43,18,13,13,57,24,12,21,22,5,7,10,19,4,5,9,72,34,18,20,28,8,6,13,2526,2868,2324,2250,479176,182615,126157,170404,270556,100037,74556,95963,198590,78692,48911,70987,175833,72293,41161,62379,22757,6399,7750,8608,57,52,61,60,8,2,2,4,19,6,6,8,43,17,11,14,38,19,7,11,0,0,0,0,60,25,14,21,40,17,10,13,35,16,8,11,5,1,2,2,46,54,41,40,13,5,5,4,43,14,12,17,19,7,4,7,38,20,8,10,9,6,2,2,2989,1114,1149,726,2837,1210,648,979,261,62,51,148,353,99,94,160,1482,612,309,561,1634,696,415,523,1415,635,323,457,219,61,92,66,3,1,2,0,6,3,2,1,7,1,2,4,5,1,2,2,4,1,1,2,8,1,1,6,587,0,0,0,3,0,0,0,7,0,0,0,0,0,0,0,1,0,0,0,3,0,0,3,3,0,1,2,226,0,100,126,57,0,41,65,80,0,0,80,75,0,100,63,46,0,0,46,70,35,11,24,21,6,10,5,12,8,4,0,250,67,176,7,828,412,128,288,1850,533,824,493
flaaps.,SSA-P-10309,Epic|12ce6b90db2c415eb409ec09c8bcd29c|0,STARTER,2026-06-13T17:08:28.000Z,20260613-170828-2026-2v2-2v2-Playoffs-LR1-G1,2026,2v2,2v2,2,Playoffs,LR1,7,1,1,KARMINE CLOPE,FALSE,FALSE,0,Mannfield (Night),50,28,12,11,52,30,9,12,46,23,8,15,56,35,13,9,51,31,11,9,49,25,10,14,28,12,10,6,25,13,6,6,78,48,15,14,22,8,5,9,2032,2097,2152,1872,443817,231224,102726,109867,218468,124925,46160,47383,214600,101653,53151,59796,196288,92358,50982,52948,18312,9295,2169,6848,52,48,61,56,3,1,1,1,12,5,4,2,38,18,9,11,50,33,7,10,0,0,0,0,53,31,11,12,47,25,10,12,43,23,10,10,4,2,0,1,35,45,29,20,21,6,7,8,56,24,14,18,20,15,3,2,24,18,4,3,4,3,0,0,2312,1399,715,198,2298,1343,493,462,107,73,26,8,146,40,59,47,894,504,200,190,1944,1042,413,489,1768,940,400,428,176,102,13,61,3,1,1,1,1,0,1,0,8,4,3,1,7,5,0,2,7,5,1,1,4,3,1,0,545,0,0,0,1,0,0,0,3,0,0,0,0,0,0,0,3,0,0,0,1,1,0,0,1,1,0,0,8,8,0,0,63,63,0,0,35,35,0,0,8,8,0,0,13,13,0,0,74,37,21,16,14,8,6,0,0,0,0,0,170,167,3,0,888,444,252,192,1230,633,597,0
Yab,SSA-P-10300,Steam|76561198716125612|0,STARTER,2026-06-13T17:08:28.000Z,20260613-170828-2026-2v2-2v2-Playoffs-LR1-G1,2026,2v2,2v2,2,Playoffs,LR1,7,1,1,KARMINE CLOPE,FALSE,FALSE,0,Mannfield (Night),51,22,10,18,50,28,10,12,56,21,11,24,45,29,10,7,51,26,11,13,49,23,9,17,15,7,2,6,20,9,5,6,65,39,13,12,35,10,7,18,2194,2433,1961,2086,503850,242945,110533,150372,277672,144150,60719,72803,216623,94601,48393,73629,182476,78837,42366,61273,34147,15764,6027,12356,59,58,71,58,9,4,3,3,20,8,7,6,48,25,9,14,32,16,5,11,0,0,0,0,58,32,11,16,42,18,9,15,34,15,8,12,7,3,1,3,35,39,32,32,23,7,6,9,57,27,13,17,20,10,2,7,23,12,4,6,5,3,1,1,2575,1241,624,710,2622,1319,444,859,193,41,69,83,375,157,111,107,1321,657,253,411,1730,740,364,626,1423,609,322,492,307,131,42,134,1,0,0,1,3,2,0,1,3,0,2,1,6,4,1,1,2,1,0,1,5,1,0,4,518,0,0,0,0,0,0,0,1,0,0,0,0,0,0,0,5,0,0,0,2,1,1,0,2,2,0,0,86,86,0,0,64,64,0,0,58,78,37,0,43,43,0,0,27,46,7,0,68,37,14,17,22,10,6,6,10,10,0,0,255,128,38,89,806,434,168,204,1945,872,562,511
carca,SSA-P-10210,Steam|76561198995240510|0,STARTER,2026-06-13T17:17:48.000Z,20260613-171748-2026-2v2-2v2-Playoffs-LR1-G2,2026,2v2,2v2,2,Playoffs,LR1,7,2,2,GOOD LITTLE KITTENS,TRUE,FALSE,0,Forbidden Temple,48,20,11,17,53,25,15,12,51,22,11,18,50,23,16,11,54,21,15,18,46,23,12,11,27,7,5,15,19,9,3,6,67,30,20,17,33,14,6,12,1972,1904,2435,1690,496150,216974,138142,141034,258769,110121,78209,70439,222917,100281,56479,66157,207313,89591,54547,63175,15604,10690,1932,2982,56,56,60,55,7,4,2,2,18,8,5,5,43,18,13,12,39,18,8,12,0,0,0,0,58,26,17,16,42,19,10,14,39,17,9,13,3,2,0,1,39,41,44,32,21,6,6,10,54,23,13,18,17,8,4,5,29,13,10,7,6,2,3,1,2691,995,1234,462,2600,1244,502,854,216,95,35,86,319,161,65,93,1236,574,260,402,1745,777,392,576,1600,684,379,537,145,93,13,39,5,2,1,2,6,2,1,3,8,0,3,5,5,1,3,1,5,2,1,2,9,1,0,8,627,0,0,0,3,0,0,0,5,0,0,0,1,0,0,0,1,0,0,0,1,0,0,1,1,0,1,0,9,0,9,0,83,0,83,0,66,0,0,66,9,0,9,0,66,0,0,66,90,48,19,23,18,4,10,4,52,19,20,13,284,138,140,6,1028,557,208,263,1516,262,860,394
tweex,SSA-P-10270,Steam|76561198303997299|0,STARTER,2026-06-13T17:17:48.000Z,20260613-171748-2026-2v2-2v2-Playoffs-LR1-G2,2026,2v2,2v2,2,Playoffs,LR1,7,2,2,GOOD LITTLE KITTENS,TRUE,FALSE,0,Forbidden Temple,53,22,11,19,48,24,11,12,50,16,11,23,51,30,11,9,54,24,11,19,46,21,12,13,36,14,10,12,39,15,9,15,72,36,16,19,28,10,6,12,2016,2096,2513,1705,494323,206685,114386,173252,267339,127598,59231,80510,214276,73631,52159,88486,184608,68560,46049,69999,29668,5071,6110,18487,56,51,63,62,9,3,3,4,21,6,6,9,38,17,8,13,41,23,9,9,0,0,0,0,58,30,13,16,42,15,10,16,35,14,9,12,6,1,2,4,46,47,49,45,14,4,5,5,45,21,10,13,22,8,6,8,33,16,7,10,7,3,3,2,3025,1556,551,918,2941,1364,436,1141,308,94,55,159,400,107,112,181,1541,726,241,574,1760,653,422,685,1475,600,355,520,285,53,67,165,6,3,1,2,5,2,0,3,7,2,4,1,4,2,2,0,8,3,5,0,15,6,2,7,1024,0,0,0,4,0,0,0,9,0,0,0,2,0,0,0,2,0,0,0,2,0,0,2,1,1,0,0,11,11,0,0,73,73,0,0,74,0,0,74,11,11,0,0,35,0,0,35,81,46,13,22,29,12,7,10,51,20,0,31,626,246,212,168,921,532,156,233,2274,954,488,832
flaaps.,SSA-P-10309,Epic|12ce6b90db2c415eb409ec09c8bcd29c|0,STARTER,2026-06-13T17:17:48.000Z,20260613-171748-2026-2v2-2v2-Playoffs-LR1-G2,2026,2v2,2v2,2,Playoffs,LR1,7,2,2,KARMINE CLOPE,FALSE,FALSE,0,Forbidden Temple,57,24,13,20,45,24,12,9,58,26,12,20,44,23,12,9,51,25,12,14,49,22,12,15,30,16,8,6,29,16,6,7,75,36,19,20,25,11,5,9,1941,2061,2330,1676,469640,202054,116244,151342,232569,101234,69659,61676,225754,96018,43611,86125,186113,82768,36017,67328,39641,13250,7594,18797,54,50,62,60,4,2,1,1,13,4,4,5,46,20,10,15,41,22,10,9,0,0,0,0,52,25,15,13,48,22,9,16,39,18,8,13,9,4,2,4,36,33,47,37,20,8,5,7,56,28,12,15,21,10,4,7,24,8,8,7,3,1,1,1,2716,987,1201,528,2820,1332,598,890,163,41,50,72,181,70,49,62,1234,599,341,294,2026,942,388,696,1620,770,319,531,406,172,69,165,1,1,0,0,1,0,0,1,10,4,4,2,9,2,6,1,6,1,3,2,9,7,0,2,673,0,0,0,1,0,0,0,4,0,0,0,0,0,0,0,5,0,0,0,0,0,0,0,2,2,0,0,13,13,0,0,58,58,0,0,0,0,0,0,7,7,0,0,0,0,0,0,84,47,14,23,16,4,10,2,12,0,0,12,45,23,22,0,996,564,168,264,1555,377,978,200
Yab,SSA-P-10300,Steam|76561198716125612|0,STARTER,2026-06-13T17:17:48.000Z,20260613-171748-2026-2v2-2v2-Playoffs-LR1-G2,2026,2v2,2v2,2,Playoffs,LR1,7,2,2,KARMINE CLOPE,FALSE,FALSE,0,Forbidden Temple,45,24,8,14,57,30,17,10,44,15,11,17,58,39,13,6,44,20,13,11,56,32,11,13,17,6,5,6,14,4,4,6,69,40,17,12,31,12,7,11,2612,2543,3213,2258,496537,248726,124000,123811,284875,154784,75104,54987,201826,89669,46380,65777,182556,80407,44501,57648,19270,9262,1879,8129,57,55,61,59,7,3,2,2,18,9,5,4,47,23,11,13,34,20,8,7,0,0,0,0,61,35,16,11,39,18,9,12,35,16,8,11,4,2,0,1,39,41,40,34,22,9,7,6,55,28,13,14,14,8,2,4,31,16,9,6,7,4,2,1,3369,1864,1043,462,3048,1568,585,895,222,109,68,45,316,137,91,88,1643,916,402,325,1628,744,367,517,1473,670,349,454,155,74,18,63,1,0,0,1,1,1,0,0,5,2,3,0,4,2,2,0,3,1,1,1,0,0,0,0,202,0,0,0,0,0,0,0,1,0,0,0,0,0,0,0,1,0,0,0,1,0,0,1,2,1,1,0,109,100,9,0,67,54,80,0,81,0,0,81,55,100,9,0,23,0,0,23,68,38,16,14,28,15,10,3,16,10,3,3,318,190,124,4,800,446,189,165,2482,1310,876,296
carca,SSA-P-10210,Steam|76561198995240510|0,STARTER,2026-06-13T17:26:27.000Z,20260613-172627-2026-2v2-2v2-Playoffs-LR1-G3,2026,2v2,2v2,2,Playoffs,LR1,7,3,3,GOOD LITTLE KITTENS,TRUE,FALSE,0,DFH Stadium,55,24,11,21,46,22,13,11,52,18,12,22,49,27,12,10,55,27,12,15,45,18,12,16,28,8,12,8,24,6,7,10,76,36,18,22,24,9,6,9,1874,1883,2409,1658,471231,200008,118409,152814,276517,124921,66338,85258,183868,71446,48077,64345,164827,63918,44118,56791,19041,7528,3959,7554,55,52,66,58,6,2,2,2,16,5,5,6,43,18,11,14,41,22,8,11,0,0,0,0,64,31,14,19,36,15,9,12,31,13,8,10,5,2,1,2,45,51,39,45,13,4,5,5,45,17,15,14,21,11,3,7,34,17,6,10,5,3,1,1,2944,900,1169,875,3030,1288,608,1134,226,59,46,121,272,97,87,88,1590,665,338,587,1488,601,386,501,1268,518,337,413,220,83,49,88,2,0,1,1,3,1,1,1,7,2,3,2,10,5,1,4,6,1,3,2,10,2,6,2,681,0,0,0,2,0,0,0,7,0,0,0,3,0,0,0,0,0,0,0,0,0,0,0,1,0,1,0,13,0,13,0,81,0,81,0,0,0,0,0,13,0,13,0,0,0,0,0,75,37,15,23,26,7,12,7,9,9,0,0,396,210,75,111,891,435,180,276,2204,490,1125,589
tweex,SSA-P-10270,Steam|76561198303997299|0,STARTER,2026-06-13T17:26:27.000Z,20260613-172627-2026-2v2-2v2-Playoffs-LR1-G3,2026,2v2,2v2,2,Playoffs,LR1,7,3,3,GOOD LITTLE KITTENS,TRUE,FALSE,0,DFH Stadium,46,22,9,15,55,29,14,12,49,19,12,18,52,32,11,9,56,30,14,11,44,21,8,16,25,8,7,10,20,11,4,5,74,43,15,17,26,8,8,10,2274,2303,2636,1933,485992,231433,112042,142517,284797,143829,66591,74377,189685,82982,42778,63925,163019,73846,38347,50826,26666,9136,4431,13099,57,53,59,63,8,3,3,3,21,7,7,7,42,21,7,13,37,23,8,6,0,0,0,0,62,33,14,15,38,18,8,11,32,16,7,9,6,2,1,3,53,56,54,45,11,5,3,3,31,13,7,11,31,17,6,7,38,21,9,8,9,7,2,0,2662,1186,682,794,2694,1346,410,938,267,79,49,139,356,112,128,116,1478,758,224,496,1545,740,342,463,1303,649,302,352,242,91,40,111,3,1,1,1,2,0,2,0,9,1,6,2,8,4,1,3,8,4,2,2,9,2,3,4,1004,0,0,0,3,0,0,0,6,0,0,0,2,0,0,0,4,0,0,0,0,0,0,0,1,0,0,1,0,0,0,0,53,0,0,53,0,0,0,0,0,0,0,0,0,0,0,0,56,26,15,15,22,12,6,4,26,18,8,0,684,459,166,59,646,294,172,180,1516,741,434,341
flaaps.,SSA-P-10309,Epic|12ce6b90db2c415eb409ec09c8bcd29c|0,STARTER,2026-06-13T17:26:27.000Z,20260613-172627-2026-2v2-2v2-Playoffs-LR1-G3,2026,2v2,2v2,2,Playoffs,LR1,7,3,3,KARMINE CLOPE,FALSE,FALSE,0,DFH Stadium,54,21,16,17,46,25,10,11,46,16,13,17,54,30,13,11,47,25,12,10,53,21,14,18,34,11,11,12,31,14,8,10,73,35,21,18,27,11,6,10,2034,2361,1891,1688,455499,186276,129393,139830,253139,109751,76577,66811,193088,72562,50513,70013,162561,68351,36866,57344,30527,4211,13647,12669,53,47,59,58,5,1,2,2,13,3,5,6,40,17,12,11,46,26,10,11,0,0,0,0,60,29,16,15,40,17,10,13,33,16,7,10,7,1,3,3,36,31,48,35,13,7,3,2,56,29,11,16,23,10,5,7,21,7,10,5,2,0,2,0,2422,698,1173,551,2489,804,784,901,141,22,49,70,206,47,67,92,1144,332,345,467,1673,715,436,522,1351,652,294,405,322,63,142,117,6,2,2,2,1,1,0,0,8,1,6,1,9,6,1,2,11,8,0,3,13,2,4,7,444,0,0,0,0,0,0,0,3,0,0,0,0,0,0,0,4,0,0,0,1,1,0,0,0,0,0,0,0,0,0,0,0,0,0,0,83,83,0,0,0,0,0,0,38,38,0,0,86,43,15,28,12,3,8,1,11,0,11,0,72,41,31,0,1021,516,169,336,1128,259,769,100
Yab,SSA-P-10300,Steam|76561198716125612|0,STARTER,2026-06-13T17:26:27.000Z,20260613-172627-2026-2v2-2v2-Playoffs-LR1-G3,2026,2v2,2v2,2,Playoffs,LR1,7,3,3,KARMINE CLOPE,FALSE,FALSE,0,DFH Stadium,46,23,8,14,54,26,14,14,54,21,12,21,46,28,11,8,49,29,10,9,51,20,12,19,30,13,7,10,22,11,4,7,73,38,18,17,27,11,5,11,2383,2327,3000,2118,494126,234755,117420,141951,279080,138530,82542,58008,206463,92727,32378,81358,179500,87044,29688,62768,26963,5683,2690,18590,57,55,64,58,6,2,1,3,17,7,5,6,47,23,10,13,36,19,7,9,0,0,0,0,60,31,15,13,40,18,7,15,35,17,7,11,5,1,1,4,40,49,35,30,24,7,7,11,48,19,13,16,21,11,4,7,31,19,6,6,7,6,1,0,2713,1247,990,476,2772,1431,511,830,191,67,97,27,273,95,58,120,1442,760,324,358,1691,758,305,628,1454,707,279,468,237,51,26,160,1,1,0,0,6,1,1,4,8,3,3,2,5,2,1,2,7,4,1,2,12,6,2,4,631,0,0,0,1,0,0,0,4,0,0,0,0,0,0,0,4,0,0,0,1,0,1,0,0,0,0,0,0,0,0,0,0,0,0,0,56,0,56,0,0,0,0,0,6,0,6,0,71,46,11,14,20,8,9,3,27,27,0,0,62,38,24,0,825,525,132,168,1938,762,876,300
carca,SSA-P-10210,Steam|76561198995240510|0,STARTER,2026-06-13T17:35:17.000Z,20260613-173517-2026-2v2-2v2-Playoffs-LR1-G4,2026,2v2,2v2,2,Playoffs,LR1,7,4,4,GOOD LITTLE KITTENS,TRUE,FALSE,0,Utopia Coliseum (Dusk),49,22,10,17,51,21,11,19,58,21,13,24,42,22,8,12,45,21,10,14,55,22,11,22,25,12,4,9,22,9,5,8,64,32,13,19,36,11,8,17,1875,2020,2172,1585,503641,206350,112248,185043,242934,112968,53442,76524,247329,88036,55719,103574,225938,79737,53635,92566,21391,8299,2084,11008,57,54,63,57,8,2,2,3,20,7,5,8,40,17,8,15,40,19,7,14,0,0,0,0,54,25,11,18,46,18,10,19,42,16,9,17,4,2,0,2,39,50,34,30,19,4,5,10,50,15,13,23,23,11,4,8,27,17,4,6,6,4,1,1,3266,1645,855,766,3285,1474,616,1195,229,72,56,101,342,99,93,150,1293,574,258,461,1974,760,413,801,1780,676,399,705,194,84,14,96,8,3,2,3,6,1,3,2,4,0,2,2,7,4,1,2,11,8,1,2,7,2,2,3,773,0,0,0,4,0,0,0,10,0,0,0,1,0,0,0,1,0,0,0,1,1,0,0,0,0,0,0,0,0,0,0,0,0,0,0,82,82,0,0,0,0,0,0,0,0,0,0,82,34,13,35,20,9,7,4,16,16,0,0,228,141,87,0,968,392,156,420,1772,759,613,400
tweex,SSA-P-10270,Steam|76561198303997299|0,STARTER,2026-06-13T17:35:17.000Z,20260613-173517-2026-2v2-2v2-Playoffs-LR1-G4,2026,2v2,2v2,2,Playoffs,LR1,7,4,4,GOOD LITTLE KITTENS,TRUE,FALSE,0,Utopia Coliseum (Dusk),51,20,12,20,49,22,13,14,42,13,9,20,58,29,15,14,49,18,13,18,51,24,12,16,23,7,7,9,29,8,5,15,74,32,20,22,26,10,5,12,1837,1953,2366,1519,499213,200186,121727,177300,239788,112698,57494,69596,247423,83621,60360,103442,211700,73952,50614,87134,35723,9669,9746,16308,56,54,63,59,9,3,2,4,17,6,5,6,44,17,10,16,39,18,10,11,0,0,0,0,54,26,13,15,46,16,11,19,40,14,10,16,7,2,2,3,42,52,44,34,21,5,7,8,48,15,12,20,21,10,4,6,32,16,8,8,6,3,2,1,3032,1109,1123,800,3075,1373,651,1051,219,87,51,81,387,129,97,161,1363,677,287,399,1989,681,479,829,1700,597,405,698,289,84,74,131,6,2,3,1,8,3,1,4,5,1,3,1,6,2,2,2,5,1,2,2,3,0,0,3,795,0,0,0,1,0,0,0,7,0,0,0,2,0,0,0,5,0,0,0,0,0,0,0,0,0,0,0,0,0,0,0,0,0,0,0,0,0,0,0,0,0,0,0,0,0,0,0,60,37,4,19,27,8,12,7,31,16,0,15,416,198,135,83,689,428,48,213,2284,602,1065,617
flaaps.,SSA-P-10309,Epic|12ce6b90db2c415eb409ec09c8bcd29c|0,STARTER,2026-06-13T17:35:17.000Z,20260613-173517-2026-2v2-2v2-Playoffs-LR1-G4,2026,2v2,2v2,2,Playoffs,LR1,7,4,4,KARMINE CLOPE,FALSE,FALSE,0,Utopia Coliseum (Dusk),51,20,13,18,50,28,11,11,47,18,10,19,54,30,14,10,54,25,13,16,46,23,10,13,20,10,3,7,26,9,8,9,68,34,17,17,32,14,6,11,1850,1990,1976,1651,481792,232149,118758,130885,259360,121251,71209,66900,211247,105539,44504,61204,189745,96178,39821,53746,21502,9361,4683,7458,54,54,63,52,5,2,2,2,14,5,6,3,43,22,9,12,43,21,9,13,0,0,0,0,57,27,14,16,43,21,9,13,39,19,8,11,4,2,1,2,40,39,42,44,22,12,6,4,55,29,13,13,13,4,3,5,32,16,7,10,7,4,2,1,2593,1366,940,287,2524,1088,596,840,252,68,113,71,236,93,77,66,1096,421,277,398,1845,909,393,543,1659,821,361,477,186,88,32,66,4,2,0,2,1,0,0,1,2,0,1,1,8,2,1,5,9,5,0,4,3,3,0,0,436,0,0,0,0,0,0,0,3,0,0,0,0,0,0,0,4,0,0,0,0,0,0,0,0,0,0,0,0,0,0,0,0,0,0,0,0,0,0,0,0,0,0,0,0,0,0,0,71,41,14,16,17,9,7,1,16,4,8,4,158,122,36,0,836,488,160,188,1542,778,664,100
Yab,SSA-P-10300,Steam|76561198716125612|0,STARTER,2026-06-13T17:35:17.000Z,20260613-173517-2026-2v2-2v2-Playoffs-LR1-G4,2026,2v2,2v2,2,Playoffs,LR1,7,4,4,KARMINE CLOPE,FALSE,FALSE,0,Utopia Coliseum (Dusk),50,24,9,16,50,25,16,9,53,22,14,18,47,27,12,8,55,29,14,12,45,20,12,13,28,13,6,9,23,8,7,8,73,36,19,18,27,14,7,7,2046,2010,2539,1713,487788,232089,130306,125393,255052,126304,71152,57596,222306,101661,55522,65123,185056,88817,48271,47968,37250,12844,7251,17155,55,53,60,57,5,2,1,1,14,5,5,4,47,23,11,13,38,21,9,9,0,0,0,0,57,29,15,13,43,21,10,12,35,17,9,9,8,3,1,3,36,40,34,31,28,11,9,8,56,24,16,15,18,11,3,4,27,15,6,6,6,3,2,1,2579,1150,827,602,2700,1442,503,755,131,60,36,35,205,81,63,61,1340,689,266,385,1815,872,429,514,1480,733,379,368,335,139,50,146,1,0,1,0,4,2,1,1,7,3,4,0,8,4,2,2,4,2,1,1,11,4,1,6,555,0,0,0,1,0,0,0,5,0,0,0,0,0,0,0,4,0,0,0,0,0,0,0,1,0,0,1,1,0,0,1,57,0,0,57,0,0,0,0,1,0,0,1,0,0,0,0,78,31,22,25,17,8,6,3,31,3,19,9,181,145,24,12,905,369,245,291,1519,655,576,288
Czudo,SSA-P-10272,Steam|76561198974283665|0,STARTER,2026-06-13T17:50:33.000Z,20260613-175033-2026-2v2-2v2-Playoffs-LR1-G1,2026,2v2,2v2,2,Playoffs,LR1,7,1,5,LEWANDOSKI & MODRIC,TRUE,FALSE,0,Mannfield (Night),47,27,8,13,53,30,12,11,50,21,10,19,50,35,10,5,53,27,12,14,47,30,8,9,28,21,3,4,25,13,5,8,74,45,16,13,26,12,4,10,2261,2140,2868,2170,499603,269002,103962,126639,299277,179629,63661,55987,190041,84628,37787,67626,175039,75315,36660,63064,15002,9313,1127,4562,58,55,65,62,7,4,1,2,19,10,5,4,44,22,8,14,36,25,6,5,0,0,0,0,65,40,13,12,35,17,7,12,32,15,6,11,3,2,0,1,41,43,48,33,14,6,4,5,52,29,9,14,16,10,2,4,32,18,9,6,7,5,2,1,3297,1766,1134,397,3083,1803,510,770,276,190,43,43,308,158,63,87,1722,1019,315,388,1467,696,280,491,1342,619,267,456,125,77,13,35,2,0,1,1,3,2,1,0,4,1,2,1,3,2,0,1,4,3,1,0,15,14,0,1,789,0,0,0,2,0,0,0,2,0,0,0,1,0,0,0,5,0,0,0,2,2,0,0,1,0,0,1,44,0,0,44,68,0,0,68,76,76,0,0,44,0,0,44,20,20,0,0,66,41,8,17,25,14,9,2,10,0,9,1,204,150,54,0,782,492,87,203,2296,1250,846,200
devour,SSA-P-10213,Steam|76561198263072484|0,STARTER,2026-06-13T17:50:33.000Z,20260613-175033-2026-2v2-2v2-Playoffs-LR1-G1,2026,2v2,2v2,2,Playoffs,LR1,7,1,5,LEWANDOSKI & MODRIC,TRUE,FALSE,0,Mannfield (Night),53,24,12,16,48,28,13,8,50,20,14,17,51,32,11,7,55,25,14,16,45,26,11,8,27,13,7,7,32,12,9,10,72,38,17,17,28,13,8,7,2015,2050,2348,1637,509278,245147,132177,131954,300468,143318,84705,72445,197160,96487,44635,56038,188812,90686,43464,54662,8348,5801,1171,1376,58,55,61,63,8,3,3,2,22,8,7,7,43,21,11,11,35,22,8,6,0,0,0,0,63,32,17,14,37,19,8,10,35,18,8,10,2,2,0,0,36,37,40,30,25,11,6,7,57,30,13,14,17,7,4,5,26,14,8,4,5,2,2,0,3104,1476,1072,556,3080,1598,687,795,365,163,85,117,352,136,109,107,1817,883,414,520,1547,805,332,410,1455,738,318,399,92,67,14,11,3,1,1,1,2,0,2,0,7,1,2,4,9,5,2,2,5,3,0,2,8,4,2,2,591,0,0,0,2,0,0,0,5,0,0,0,2,0,0,0,2,0,0,0,1,1,0,0,0,0,0,0,0,0,0,0,0,0,0,0,82,82,0,0,0,0,0,0,58,58,0,0,89,42,21,26,18,10,6,2,17,7,10,0,217,166,43,8,1051,497,242,312,1583,834,557,192
Lickse,SSA-P-10244,Steam|76561198042044698|0,STARTER,2026-06-13T17:50:33.000Z,20260613-175033-2026-2v2-2v2-Playoffs-LR1-G1,2026,2v2,2v2,2,Playoffs,LR1,7,1,5,WHITE MONSTER,FALSE,FALSE,0,Mannfield (Night),48,22,10,16,52,24,15,13,42,15,11,17,58,31,15,12,45,20,14,11,55,26,11,18,23,10,6,7,16,6,4,5,74,35,21,18,26,11,5,11,2179,2179,2353,2044,499263,224287,125892,149084,294556,135951,77714,80891,193979,84558,45307,64114,177494,76722,39712,61060,16485,7836,5595,3054,59,58,59,61,7,3,2,3,21,9,6,7,45,21,10,14,34,16,10,8,0,0,0,0,63,29,17,17,37,17,9,12,34,15,7,11,3,1,2,1,46,54,47,35,15,4,4,8,45,17,12,17,18,9,3,5,37,19,11,7,11,8,2,1,3100,1522,1167,411,2863,1352,689,822,244,83,60,101,310,113,77,120,1447,705,385,357,1523,681,352,490,1379,625,287,467,144,56,65,23,2,2,0,0,2,1,0,1,4,1,3,0,7,5,1,1,8,4,1,3,4,1,2,1,316,0,0,0,0,0,0,0,6,0,0,0,0,0,0,0,1,0,0,0,1,1,0,0,3,0,0,3,139,0,0,139,47,0,0,47,80,80,0,0,46,0,0,46,6,6,0,0,67,39,10,18,25,12,10,3,30,13,8,9,429,190,185,54,774,455,112,207,2071,1010,815,246
Mercury,SSA-P-10292,Steam|76561199015584092|0,STARTER,2026-06-13T17:50:33.000Z,20260613-175033-2026-2v2-2v2-Playoffs-LR1-G1,2026,2v2,2v2,2,Playoffs,LR1,7,1,5,WHITE MONSTER,FALSE,FALSE,0,Mannfield (Night),53,20,11,23,50,23,14,13,59,18,13,28,44,25,12,7,54,23,12,18,46,19,11,16,29,11,4,14,25,6,7,12,73,32,17,24,27,10,7,10,2248,2342,2859,1740,523743,219534,133128,171081,307283,132947,89781,84555,206796,83430,40956,82410,173692,68767,34042,70883,33104,14663,6914,11527,60,60,65,58,10,4,3,3,23,10,7,7,46,19,11,16,31,13,6,11,0,0,0,0,61,26,17,18,39,16,7,16,33,13,6,14,6,3,1,2,41,52,42,27,21,4,5,12,48,15,12,21,23,9,4,10,30,18,8,3,6,5,1,0,3253,1482,1380,391,3302,1548,684,1070,426,177,125,124,430,153,145,132,1815,775,499,541,1657,679,294,684,1372,546,237,589,285,133,57,95,2,1,0,1,2,2,0,0,7,4,1,2,2,1,0,1,4,2,0,2,6,2,0,4,226,0,0,0,0,0,0,0,1,0,0,0,0,0,0,0,1,0,0,0,0,0,0,0,0,0,0,0,0,0,0,0,0,0,0,0,0,0,0,0,0,0,0,0,0,0,0,0,67,32,17,18,26,12,11,3,5,5,0,0,268,135,38,95,799,379,204,216,2332,1065,1062,205
Czudo,SSA-P-10272,Steam|76561198974283665|0,STARTER,2026-06-13T18:00:32.000Z,20260613-180032-2026-2v2-2v2-Playoffs-LR1-G2,2026,2v2,2v2,2,Playoffs,LR1,7,2,6,LEWANDOSKI & MODRIC,TRUE,FALSE,0,Forbidden Temple,43,21,9,12,58,38,11,8,35,16,8,11,65,43,13,9,45,26,10,9,55,33,10,12,19,12,5,2,23,12,5,6,80,49,16,15,20,10,5,5,2550,2825,2444,2019,500033,277264,115062,107707,313957,188300,67016,58641,177760,85038,45898,46824,168397,77897,45795,44705,9363,7141,103,2119,59,56,72,61,12,7,3,2,27,15,7,4,38,19,9,10,35,24,4,6,0,0,0,0,66,41,12,12,34,18,8,8,32,16,8,8,3,2,0,1,41,45,41,33,13,3,5,4,48,26,10,11,25,15,5,6,27,18,6,4,3,2,1,0,3334,2003,1012,319,3300,2004,643,653,423,251,102,70,480,281,108,91,2099,1253,436,410,1402,723,337,342,1291,635,336,320,111,88,1,22,3,2,1,0,5,3,0,2,2,0,2,0,4,3,0,1,2,1,1,0,10,7,2,1,1068,0,0,0,5,0,0,0,8,0,0,0,0,0,0,0,4,0,0,0,1,1,0,0,4,3,1,0,129,127,2,0,59,63,46,0,83,83,0,0,32,42,2,0,89,89,0,0,84,56,18,10,26,14,10,2,14,4,10,0,389,275,107,7,994,668,206,120,2211,1125,893,193
devour,SSA-P-10213,Steam|76561198263072484|0,STARTER,2026-06-13T18:00:32.000Z,20260613-180032-2026-2v2-2v2-Playoffs-LR1-G2,2026,2v2,2v2,2,Playoffs,LR1,7,2,6,LEWANDOSKI & MODRIC,TRUE,FALSE,0,Forbidden Temple,59,29,14,17,45,22,13,10,67,24,21,21,37,26,5,6,45,18,12,14,55,29,14,12,23,8,7,8,29,11,6,12,69,40,14,15,31,8,12,11,2186,2309,2465,1679,497022,235387,129921,131714,261474,118299,78889,64286,223596,111706,47610,64280,190957,94718,41449,54790,32639,16988,6161,9490,57,56,56,58,8,4,2,3,21,9,6,6,40,21,9,10,39,18,11,10,0,0,0,0,58,28,17,14,42,20,9,12,35,16,8,10,7,4,1,2,37,45,33,27,21,8,7,7,57,22,17,18,14,9,2,3,29,18,7,4,7,4,2,1,3270,1488,1241,541,3271,1826,557,888,240,75,82,83,373,159,99,115,1523,807,326,390,1786,850,406,530,1485,692,359,434,301,158,47,96,5,3,2,0,3,1,0,2,4,0,3,1,8,0,2,6,8,3,2,3,7,4,1,2,546,0,0,0,2,0,0,0,3,0,0,0,1,0,0,0,0,0,0,0,0,0,0,0,0,0,0,0,0,0,0,0,0,0,0,0,0,0,0,0,0,0,0,0,0,0,0,0,81,45,18,18,26,11,12,3,19,17,2,0,259,104,155,0,953,523,214,216,2341,996,1045,300
Lickse,SSA-P-10244,Steam|76561198042044698|0,STARTER,2026-06-13T18:00:32.000Z,20260613-180032-2026-2v2-2v2-Playoffs-LR1-G2,2026,2v2,2v2,2,Playoffs,LR1,7,2,6,WHITE MONSTER,FALSE,FALSE,0,Forbidden Temple,51,20,13,17,50,23,14,13,54,17,15,23,47,27,12,8,57,24,14,19,43,19,12,12,29,14,11,4,31,12,6,13,73,37,19,17,27,7,7,14,2194,2316,2183,2083,525940,219022,144706,162212,272541,118413,80262,73866,240121,94587,62033,83501,219713,93335,54865,71513,20408,1252,7168,11988,60,58,65,61,6,2,2,2,23,9,7,7,47,22,13,13,29,13,6,10,0,0,0,0,56,26,15,15,44,18,11,16,39,17,9,13,4,0,1,3,38,46,37,30,23,6,6,10,53,19,15,19,19,9,4,7,27,15,7,5,4,2,2,1,3284,1806,919,559,3147,1614,702,831,257,117,63,77,243,87,79,77,1650,918,392,340,1827,728,444,655,1632,720,384,528,195,8,60,127,3,1,1,1,2,0,0,2,2,0,2,0,6,0,3,3,7,3,2,2,17,10,6,1,542,0,0,0,2,0,0,0,4,0,0,0,0,0,0,0,1,0,0,0,3,0,0,3,1,1,0,0,29,29,0,0,59,59,0,0,64,0,0,64,29,29,0,0,18,0,0,18,77,37,14,26,24,13,8,3,18,12,0,6,217,126,82,9,906,432,168,306,2183,1174,718,291
Mercury,SSA-P-10292,Steam|76561199015584092|0,STARTER,2026-06-13T18:00:32.000Z,20260613-180032-2026-2v2-2v2-Playoffs-LR1-G2,2026,2v2,2v2,2,Playoffs,LR1,7,2,6,WHITE MONSTER,FALSE,FALSE,0,Forbidden Temple,50,19,13,18,51,27,15,9,47,15,13,19,54,31,15,8,60,28,17,15,40,18,11,11,16,4,6,6,16,3,5,8,73,38,20,16,27,8,8,11,2280,2732,2422,1415,521238,239644,147202,134392,272802,133940,77309,61553,234928,100095,66088,68745,212701,93523,59082,60096,22227,6572,7006,8649,60,60,62,59,12,5,3,4,25,11,8,6,43,20,11,12,32,15,9,8,0,0,0,0,57,28,16,13,43,18,12,13,38,17,11,11,5,1,1,2,42,48,43,31,23,6,7,9,49,18,14,16,19,11,4,4,32,16,10,6,6,2,2,1,3151,1603,1338,210,3160,1589,751,820,262,164,79,19,539,226,152,161,1468,767,370,331,1807,759,508,540,1602,700,450,452,205,59,58,88,2,0,0,2,3,1,0,2,4,1,3,0,4,2,1,1,5,3,0,2,3,1,1,1,411,0,0,0,1,0,0,0,4,0,0,0,0,0,0,0,2,0,0,0,1,0,1,0,1,0,0,1,0,0,0,0,66,0,0,66,82,0,82,0,0,0,0,0,0,0,0,0,81,51,19,11,22,10,11,1,37,17,7,13,110,78,32,0,935,595,221,119,2090,922,1068,100
Czudo,SSA-P-10272,Steam|76561198974283665|0,STARTER,2026-06-13T18:09:35.000Z,20260613-180935-2026-2v2-2v2-Playoffs-LR1-G3,2026,2v2,2v2,2,Playoffs,LR1,7,3,7,LEWANDOSKI & MODRIC,TRUE,FALSE,0,DFH Stadium,41,19,9,13,59,36,12,11,49,21,11,16,51,34,10,7,48,29,11,9,52,26,10,15,24,7,9,8,12,7,2,2,77,47,15,15,23,8,6,8,2765,2887,2890,2369,558459,288268,130000,140191,328912,168126,83988,76798,217693,113791,43844,60058,203078,112450,40671,49957,14615,1341,3173,10101,63,59,69,66,11,6,3,2,29,15,9,6,46,23,9,14,24,17,4,4,1,1,0,0,62,35,14,13,38,21,7,10,35,20,7,9,3,0,1,2,40,42,48,30,20,8,4,7,51,28,9,14,16,7,4,5,33,19,9,4,5,3,2,0,3120,1254,1303,563,2970,1606,571,793,512,218,187,107,457,259,110,88,1696,867,420,409,1631,868,314,449,1506,849,284,373,125,19,30,76,3,2,0,1,4,2,1,1,7,0,1,6,4,1,2,1,6,2,4,0,11,3,6,2,722,0,0,0,2,0,0,0,6,0,0,0,2,0,0,0,4,0,0,0,0,0,0,0,0,0,0,0,0,0,0,0,0,0,0,0,0,0,0,0,0,0,0,0,0,0,0,0,76,53,11,12,28,9,15,4,41,41,0,0,486,234,248,4,871,595,132,144,2314,666,1252,396
devour,SSA-P-10213,Steam|76561198263072484|0,STARTER,2026-06-13T18:09:35.000Z,20260613-180935-2026-2v2-2v2-Playoffs-LR1-G3,2026,2v2,2v2,2,Playoffs,LR1,7,3,7,LEWANDOSKI & MODRIC,TRUE,FALSE,0,DFH Stadium,59,27,13,18,41,22,9,11,51,17,13,21,49,32,9,8,47,23,11,14,53,27,11,15,21,8,4,9,15,7,2,6,78,43,16,20,22,6,6,9,2026,1978,2591,1929,503650,234922,115628,153100,277336,131347,67479,78510,215508,99212,44957,71339,188076,87601,40293,60182,27432,11611,4664,11157,57,54,68,60,6,2,1,3,17,7,5,6,48,23,10,15,34,18,7,9,1,1,0,0,58,28,14,16,42,21,8,13,36,18,8,11,6,3,1,2,36,38,37,33,25,10,8,6,59,27,14,17,16,9,2,5,25,13,6,7,4,2,2,0,2985,1576,844,565,3094,1686,400,1008,202,100,29,73,272,100,53,119,1527,846,229,452,1808,887,359,562,1543,763,324,456,265,124,35,106,4,3,0,1,3,1,1,1,6,0,3,3,7,2,2,3,5,3,2,0,5,2,0,3,869,0,0,0,3,0,0,0,7,0,0,0,2,0,0,0,2,0,0,0,1,0,0,1,0,0,0,0,0,0,0,0,0,0,0,0,59,0,0,59,0,0,0,0,58,0,0,58,73,33,10,30,24,12,8,4,46,19,10,17,161,70,16,75,830,377,110,343,2239,1130,784,325
Lickse,SSA-P-10244,Steam|76561198042044698|0,STARTER,2026-06-13T18:09:35.000Z,20260613-180935-2026-2v2-2v2-Playoffs-LR1-G3,2026,2v2,2v2,2,Playoffs,LR1,7,3,7,WHITE MONSTER,FALSE,FALSE,0,DFH Stadium,56,27,11,18,45,19,15,11,56,23,12,21,45,23,14,8,56,26,15,16,44,19,12,13,27,14,7,6,40,18,10,13,74,36,20,18,26,9,7,11,2013,1937,2346,1908,539123,225025,149300,164798,304001,127359,83604,93038,224042,93912,61939,68191,176720,72197,52327,52196,47322,21715,9612,15995,61,57,67,65,8,3,3,3,26,10,8,8,42,18,10,14,30,16,8,7,1,1,0,0,59,27,16,17,41,18,11,12,31,14,9,9,10,5,2,3,41,49,39,31,19,5,7,7,49,18,14,17,20,11,4,6,30,17,8,5,3,2,1,0,3236,1656,839,741,3164,1590,608,966,382,121,99,162,371,111,127,133,1583,719,311,553,1735,784,449,502,1300,578,363,359,435,206,86,143,2,0,0,2,6,3,1,2,2,1,1,0,9,5,2,2,7,4,1,2,8,6,0,2,506,0,0,0,1,0,0,0,5,0,0,0,0,0,0,0,2,0,0,0,0,0,0,0,1,1,0,0,24,24,0,0,77,77,0,0,0,0,0,0,24,24,0,0,0,0,0,0,81,34,18,29,22,11,6,5,24,16,8,0,315,182,56,77,948,392,208,348,1885,918,544,423
Mercury,SSA-P-10292,Steam|76561199015584092|0,STARTER,2026-06-13T18:09:35.000Z,20260613-180935-2026-2v2-2v2-Playoffs-LR1-G3,2026,2v2,2v2,2,Playoffs,LR1,7,3,7,WHITE MONSTER,FALSE,FALSE,0,DFH Stadium,45,17,10,17,56,29,14,13,45,12,11,22,56,33,14,9,49,21,13,15,51,25,12,14,28,11,5,12,29,10,6,13,72,37,17,18,28,9,7,11,2181,2213,2673,1913,505249,227815,133687,143747,321617,157373,88106,76138,174201,66410,43629,64162,145549,64917,34633,45999,28652,1493,8996,18163,58,57,67,56,8,3,3,2,17,7,6,4,47,23,11,13,34,15,7,12,1,1,0,0,67,33,17,17,33,13,8,12,27,13,6,9,5,0,2,4,42,44,48,37,20,7,5,7,51,24,12,15,16,5,3,8,34,17,10,7,7,4,1,1,3220,1588,1158,474,2999,1251,793,955,232,123,73,36,367,139,119,109,1864,842,521,501,1398,548,325,525,1156,538,255,363,242,10,70,162,6,2,0,4,2,0,2,0,11,8,3,0,2,0,1,1,4,3,0,1,13,3,4,6,401,0,0,0,1,0,0,0,6,0,0,0,0,0,0,0,1,0,0,0,0,0,0,0,1,1,0,0,100,100,0,0,51,51,0,0,0,0,0,0,100,100,0,0,0,0,0,0,83,42,17,24,17,6,8,3,32,16,16,0,136,35,45,56,964,488,188,288,1564,565,755,244
Czudo,SSA-P-10272,Steam|76561198974283665|0,STARTER,2026-06-13T18:19:58.000Z,20260613-181958-2026-2v2-2v2-Playoffs-LR1-G4,2026,2v2,2v2,2,Playoffs,LR1,7,4,8,LEWANDOSKI & MODRIC,FALSE,FALSE,0,Utopia Coliseum (Dusk),47,26,12,8,54,34,12,9,49,23,14,12,52,37,10,4,47,30,12,5,53,29,12,12,22,12,7,3,15,7,4,3,74,47,17,9,26,12,7,8,2247,2273,2335,2141,530055,295568,133668,100819,357874,198115,93000,66759,162960,92122,38516,32322,154090,85569,38516,30005,8870,6553,0,2317,59,56,64,66,10,5,3,2,26,12,9,5,39,24,7,8,35,22,9,3,1,1,0,0,70,41,17,11,30,18,7,5,28,16,7,5,2,2,0,0,47,52,40,38,15,4,8,3,42,22,12,8,24,14,5,5,34,24,7,4,6,5,1,0,3479,1763,1326,390,3224,1925,620,679,546,222,229,95,420,211,120,89,2196,1200,496,500,1297,760,299,238,1199,678,299,222,98,82,0,16,4,3,0,1,4,3,0,1,7,0,7,0,5,3,0,2,7,4,1,2,3,3,0,0,272,0,0,0,0,0,0,0,3,0,0,0,2,0,0,0,1,0,0,0,0,0,0,0,0,0,0,0,0,0,0,0,0,0,0,0,0,0,0,0,0,0,0,0,0,0,0,0,96,60,13,23,28,13,13,2,25,21,0,4,409,178,182,49,1127,699,156,272,2391,1122,1118,151
devour,SSA-P-10213,Steam|76561198263072484|0,STARTER,2026-06-13T18:19:58.000Z,20260613-181958-2026-2v2-2v2-Playoffs-LR1-G4,2026,2v2,2v2,2,Playoffs,LR1,7,4,8,LEWANDOSKI & MODRIC,FALSE,FALSE,0,Utopia Coliseum (Dusk),53,28,14,11,47,31,10,6,52,22,16,14,48,36,8,4,54,33,14,7,46,26,10,10,30,21,7,2,23,13,5,5,77,49,17,11,23,10,7,6,2155,2289,2270,1765,469261,254665,115483,99113,264015,148581,65379,50055,194173,100891,46779,46503,174340,89403,44619,40318,19833,11488,2160,6185,52,49,57,63,6,3,2,1,16,8,5,3,37,19,8,10,44,28,11,5,3,3,0,0,61,37,15,10,39,21,9,8,34,18,9,7,5,3,0,1,43,47,47,27,20,7,5,8,50,26,13,11,17,13,2,2,33,20,9,4,9,5,3,0,2926,1778,673,475,2920,1983,460,477,224,101,57,66,256,116,82,58,1524,1011,269,244,1658,907,409,342,1444,770,388,286,214,137,21,56,4,2,1,1,4,3,1,0,8,2,6,0,12,8,4,0,9,5,2,2,9,7,1,1,684,0,0,0,3,0,0,0,4,0,0,0,0,0,0,0,2,0,0,0,0,0,0,0,1,1,0,0,89,89,0,0,81,81,0,0,0,0,0,0,89,89,0,0,0,0,0,0,88,57,14,17,24,12,9,3,40,26,8,6,416,171,245,0,1016,658,160,198,1984,1029,655,300
Lickse,SSA-P-10244,Steam|76561198042044698|0,STARTER,2026-06-13T18:19:58.000Z,20260613-181958-2026-2v2-2v2-Playoffs-LR1-G4,2026,2v2,2v2,2,Playoffs,LR1,7,4,8,WHITE MONSTER,TRUE,FALSE,0,Utopia Coliseum (Dusk),47,18,11,18,54,27,14,13,43,11,12,20,58,33,14,10,48,23,9,15,52,22,16,15,26,11,6,9,23,11,4,8,81,40,20,21,19,5,6,9,2084,2266,2531,1612,502725,219346,126327,157052,297563,136999,82203,78361,195656,78832,42074,74750,176670,66621,39771,70278,18986,12211,2303,4472,56,55,61,59,8,3,2,3,22,10,6,6,37,15,9,14,41,20,10,10,0,0,0,0,63,29,17,17,37,16,8,13,33,13,8,12,4,3,0,1,48,57,52,33,12,2,5,5,41,14,11,16,22,10,5,7,37,21,10,6,8,5,3,0,3198,1667,1036,495,3094,1600,721,773,340,122,105,113,341,150,70,121,1696,853,433,410,1575,677,358,540,1392,542,338,512,183,135,20,28,4,1,2,1,6,2,0,4,4,0,4,0,4,0,1,3,8,4,1,3,11,8,0,3,743,0,0,0,4,0,0,0,8,0,0,0,2,0,0,0,0,0,0,0,0,0,0,0,1,1,0,0,25,25,0,0,44,44,0,0,0,0,0,0,25,25,0,0,0,0,0,0,76,42,12,22,23,12,8,3,2,2,0,0,330,187,123,20,910,502,144,264,1970,1013,677,280
Mercury,SSA-P-10292,Steam|76561199015584092|0,STARTER,2026-06-13T18:19:58.000Z,20260613-181958-2026-2v2-2v2-Playoffs-LR1-G4,2026,2v2,2v2,2,Playoffs,LR1,7,4,8,WHITE MONSTER,TRUE,FALSE,0,Utopia Coliseum (Dusk),54,19,13,22,47,21,15,11,58,17,15,25,43,22,13,8,46,17,15,14,54,22,13,19,38,6,16,16,35,11,9,15,78,35,21,23,22,4,7,10,2187,2518,2262,1728,503758,200553,152385,150820,273617,112440,73855,87322,218418,84428,74081,59909,201634,75636,70348,55650,16784,8792,3733,4259,56,57,60,51,7,3,3,1,16,6,6,4,45,19,12,13,39,14,9,15,0,0,0,0,58,24,14,20,42,15,14,13,38,13,13,12,4,2,1,1,45,51,38,45,21,5,9,7,47,17,16,14,15,4,3,8,38,18,9,11,12,7,2,3,3189,1241,1117,831,3108,1520,720,868,167,47,70,50,324,119,145,60,1342,660,269,413,1829,654,603,572,1644,578,558,508,185,76,45,64,6,1,2,3,4,0,2,2,11,0,9,2,12,4,6,2,9,4,3,2,10,1,3,6,1116,0,0,0,4,0,0,0,7,0,0,0,3,0,0,0,3,0,0,0,0,0,0,0,1,0,0,1,85,0,0,85,82,0,0,82,0,0,0,0,85,0,0,85,0,0,0,0,82,37,24,21,29,12,12,5,25,12,6,7,468,269,98,101,959,432,282,245,2432,931,1102,399
Czudo,SSA-P-10272,Steam|76561198974283665|0,STARTER,2026-06-13T18:28:15.000Z,20260613-182815-2026-2v2-2v2-Playoffs-LR1-G5,2026,2v2,2v2,2,Playoffs,LR1,7,5,9,LEWANDOSKI & MODRIC,TRUE,FALSE,0,Unknown Map,52,24,11,17,48,30,8,10,47,16,9,22,53,38,10,5,35,18,6,11,65,36,13,16,30,11,7,12,30,12,8,10,78,46,16,17,22,8,3,10,2230,2616,2165,1625,463968,241345,92177,130446,300614,175373,52269,72972,155142,62101,37938,55103,149774,62101,35153,52520,5368,0,2785,2583,56,54,63,58,6,2,2,2,19,8,5,5,40,22,7,12,41,24,7,10,0,0,0,0,67,40,11,16,33,14,8,11,30,14,6,10,3,0,2,1,41,47,45,31,14,6,4,4,50,23,10,17,20,11,3,6,30,19,6,5,4,3,1,0,2933,1643,771,519,2886,1581,536,769,280,135,62,83,246,95,72,79,1856,1145,286,425,1329,540,326,463,1219,540,261,418,110,0,65,45,5,1,0,4,5,2,2,1,0,0,0,0,4,2,0,2,4,2,0,2,15,5,6,4,478,0,0,0,1,0,0,0,5,0,0,0,1,0,0,0,1,0,0,0,0,0,0,0,3,1,1,1,53,33,0,20,64,57,61,75,0,0,0,0,18,33,0,20,0,0,0,0,63,33,13,17,26,12,10,4,24,24,0,0,568,191,236,141,732,372,156,204,2032,1009,764,259
devour,SSA-P-10213,Steam|76561198263072484|0,STARTER,2026-06-13T18:28:15.000Z,20260613-182815-2026-2v2-2v2-Playoffs-LR1-G5,2026,2v2,2v2,2,Playoffs,LR1,7,5,9,LEWANDOSKI & MODRIC,TRUE,FALSE,0,Unknown Map,49,21,12,17,54,26,18,10,54,24,14,17,48,23,16,10,42,19,14,10,58,27,14,16,24,10,5,9,28,14,6,9,72,34,22,16,28,12,6,10,2113,2061,2699,1708,485598,218131,138865,128602,312616,133042,102577,76997,164038,81075,34272,48691,146703,68678,30789,47236,17335,12397,3483,1455,57,56,60,57,7,3,2,2,17,7,5,5,43,20,12,11,39,18,11,10,0,0,0,0,66,29,21,16,34,16,7,10,30,13,6,10,4,3,1,0,37,34,44,37,18,9,5,4,55,27,15,14,20,9,4,7,25,10,9,5,5,2,2,0,3147,1248,1462,437,3209,1485,785,939,320,113,89,118,312,130,98,84,1884,781,564,539,1387,670,291,426,1221,541,267,413,166,129,24,13,5,2,1,2,5,2,1,2,5,2,2,1,4,1,1,2,2,1,1,0,11,5,1,5,442,0,0,0,2,0,0,0,4,0,0,0,0,0,0,0,1,0,0,0,0,0,0,0,0,0,0,0,0,0,0,0,0,0,0,0,0,0,0,0,0,0,0,0,0,0,0,0,89,45,22,22,22,8,12,2,16,10,6,0,273,99,147,27,1052,530,258,264,1927,701,1053,173
Lickse,SSA-P-10244,Steam|76561198042044698|0,STARTER,2026-06-13T18:28:15.000Z,20260613-182815-2026-2v2-2v2-Playoffs-LR1-G5,2026,2v2,2v2,2,Playoffs,LR1,7,5,9,WHITE MONSTER,FALSE,FALSE,0,Unknown Map,53,22,12,19,48,26,13,9,58,24,14,20,43,24,11,8,58,27,13,18,42,20,12,9,18,7,1,10,14,7,2,5,69,35,16,18,31,13,9,9,2236,2241,2652,1902,511953,231332,133429,147192,302962,145798,77955,79209,198205,81089,52744,64372,182416,72706,48146,61564,15789,8383,4598,2808,60,57,64,63,8,3,2,3,22,10,7,6,47,21,11,15,31,17,7,7,0,0,0,0,64,32,16,17,36,16,9,11,33,14,8,11,3,1,1,0,45,46,48,41,14,5,4,4,44,20,11,14,23,12,4,6,33,15,10,8,7,2,3,2,2813,1604,616,593,2828,1298,643,887,288,148,60,80,348,152,69,127,1666,835,357,474,1466,640,374,452,1331,575,324,432,135,65,50,20,1,1,0,0,3,2,1,0,2,0,0,2,4,2,0,2,5,3,1,1,8,1,1,6,500,0,0,0,2,0,0,0,4,0,0,0,0,0,0,0,1,0,0,0,1,1,0,0,0,0,0,0,0,0,0,0,0,0,0,0,83,83,0,0,0,0,0,0,5,5,0,0,78,49,12,17,19,9,6,4,44,7,20,17,176,69,91,16,892,581,124,187,1724,831,509,384
Mercury,SSA-P-10292,Steam|76561199015584092|0,STARTER,2026-06-13T18:28:15.000Z,20260613-182815-2026-2v2-2v2-Playoffs-LR1-G5,2026,2v2,2v2,2,Playoffs,LR1,7,5,9,WHITE MONSTER,FALSE,FALSE,0,Unknown Map,48,26,9,13,52,29,11,12,42,14,11,18,58,41,9,7,55,27,12,16,45,28,8,9,25,15,8,2,26,14,6,7,76,47,14,16,24,8,7,9,2288,2438,2468,1809,445038,237051,98105,109882,255142,141291,57740,56111,181075,91061,38745,51269,149505,78807,31099,39599,31570,12254,7646,11670,53,51,58,52,6,3,1,2,13,7,3,3,41,21,11,9,46,27,7,13,0,0,0,0,62,35,13,14,38,20,8,11,31,17,6,8,7,3,1,2,42,44,37,40,19,9,5,5,48,25,11,12,20,11,4,5,32,19,5,8,8,4,1,2,2868,1614,873,381,2825,1457,610,758,126,77,46,3,256,113,57,86,1418,800,302,316,1560,814,313,433,1274,689,248,337,286,125,65,96,3,2,1,0,1,1,0,0,3,1,2,0,2,1,1,0,3,3,0,0,10,7,3,0,302,0,0,0,0,0,0,0,2,0,0,0,0,0,0,0,2,0,0,0,1,0,1,0,1,1,0,0,76,76,0,0,35,35,0,0,67,0,67,0,76,76,0,0,0,0,0,0,66,38,12,16,24,15,7,2,30,28,0,2,223,159,58,6,762,428,144,190,2177,1341,642,194
! ravióli.,SSA-P-10226,Steam|76561198070134441|0,STARTER,2026-06-13T18:45:39.000Z,20260613-184539-2026-2v2-2v2-Playoffs-UQF-G1,2026,2v2,2v2,2,Playoffs,UQF,7,1,10,BTF ESPORTS,FALSE,FALSE,0,Mannfield (Night),55,26,11,18,46,21,12,14,52,21,10,21,49,26,12,11,51,25,12,14,49,22,11,17,38,22,8,8,41,22,7,11,76,39,18,19,24,8,4,12,1899,1762,2258,1903,485887,210792,119425,155670,270571,127510,69054,74007,206218,79514,48622,78082,179912,67652,39002,73258,26306,11862,9620,4824,57,53,65,60,8,3,1,4,20,8,5,7,44,18,12,14,36,21,6,9,0,0,0,0,58,28,14,16,42,19,9,15,37,16,7,14,6,3,2,1,44,48,50,36,22,8,5,9,45,20,9,16,19,8,4,6,36,19,9,8,8,5,2,1,3259,1446,995,818,3177,1488,713,976,308,183,43,82,332,104,52,176,1433,625,378,430,1758,794,364,600,1514,665,286,563,244,129,78,37,1,0,1,0,4,3,0,1,1,0,1,0,8,6,1,1,3,3,0,0,7,7,0,0,690,0,0,0,0,0,0,0,5,0,0,0,0,0,0,0,7,0,0,0,1,0,0,1,2,1,0,1,76,9,0,67,74,82,0,66,72,0,0,72,38,9,0,67,0,0,0,0,62,37,9,16,26,10,9,7,14,6,8,0,382,141,158,83,730,438,100,192,2218,859,742,617
Sweaty,SSA-P-10056,Steam|76561198965054402|0,STARTER,2026-06-13T18:45:39.000Z,20260613-184539-2026-2v2-2v2-Playoffs-UQF-G1,2026,2v2,2v2,2,Playoffs,UQF,7,1,10,BTF ESPORTS,FALSE,FALSE,0,Mannfield (Night),47,20,10,16,55,29,13,13,50,16,11,22,52,33,12,8,49,25,11,13,51,24,11,17,30,14,3,13,24,6,6,12,72,40,17,16,28,9,5,14,2131,2083,2478,1950,497513,223220,116573,157720,322666,151687,89495,81484,165690,67693,25227,72770,146326,60508,21631,64187,19364,7185,3596,8583,58,54,62,63,5,2,1,3,17,6,4,7,47,19,11,17,35,23,6,6,0,0,0,0,69,35,18,16,31,14,4,13,27,12,4,12,4,2,1,2,45,49,46,36,9,3,2,5,44,18,10,16,26,15,4,7,30,16,8,6,7,3,3,1,2709,1301,680,728,2637,1137,505,995,192,114,35,43,222,69,42,111,1506,607,408,491,1283,560,177,546,1118,486,152,480,165,74,25,66,4,1,1,2,1,1,0,0,5,4,1,0,3,3,0,0,5,3,1,1,4,2,0,2,218,0,0,0,0,0,0,0,4,0,0,0,0,0,0,0,1,0,0,0,1,1,0,0,1,0,0,1,57,0,0,57,62,0,0,62,83,83,0,0,57,0,0,57,41,41,0,0,91,44,22,25,18,8,5,5,60,32,28,0,244,66,91,87,1032,496,236,300,1556,734,409,413
2Die4,SSA-P-10001,Steam|76561198256947172|0,STARTER,2026-06-13T18:45:39.000Z,20260613-184539-2026-2v2-2v2-Playoffs-UQF-G1,2026,2v2,2v2,2,Playoffs,UQF,7,1,10,MZANSI BALLERS,TRUE,FALSE,0,Mannfield (Night),57,29,11,18,44,27,6,12,56,21,11,23,46,34,6,7,54,29,9,16,46,26,7,12,20,11,2,7,23,8,4,10,79,45,14,19,21,9,2,10,1942,2048,1939,1765,490956,256297,84477,150182,266680,154013,45972,66695,213072,97040,36869,79163,193397,91671,29243,72483,19675,5369,7626,6680,58,56,61,61,7,3,1,3,17,7,3,6,48,26,8,15,35,21,5,8,0,0,0,0,59,35,9,14,41,19,7,15,37,18,6,13,5,2,2,2,45,53,47,30,16,6,3,7,44,18,7,19,24,15,4,6,32,22,6,5,10,7,2,1,2442,1135,713,594,2340,1291,427,622,84,27,8,49,304,131,54,119,1056,652,154,250,1700,778,295,627,1486,713,225,548,214,65,70,79,1,1,0,0,0,0,0,0,0,0,0,0,5,3,0,2,6,4,1,1,5,2,1,2,484,0,0,0,0,0,0,0,5,0,0,0,1,0,0,0,3,0,0,0,1,1,0,0,2,1,0,1,103,85,0,18,59,48,0,70,81,81,0,0,52,85,0,18,62,62,0,0,52,22,9,21,21,10,7,4,8,5,0,3,445,279,71,95,616,259,108,249,1655,721,629,305
Snowyy,SSA-P-10054,Steam|76561198409065326|0,STARTER,2026-06-13T18:45:39.000Z,20260613-184539-2026-2v2-2v2-Playoffs-UQF-G1,2026,2v2,2v2,2,Playoffs,UQF,7,1,10,MZANSI BALLERS,TRUE,FALSE,0,Mannfield (Night),44,20,10,14,57,35,14,9,46,21,11,14,56,34,14,8,49,26,10,12,51,27,14,11,15,8,4,3,9,6,1,1,75,43,18,14,25,10,6,9,2489,2627,2994,1758,470642,229402,120228,121012,307078,146211,86051,74816,156004,79534,32333,44137,138696,70398,30745,37553,17308,9136,1588,6584,56,51,61,63,8,3,2,3,19,8,5,7,39,18,11,9,42,28,8,6,0,0,0,0,67,35,17,15,33,19,7,8,29,16,6,7,4,2,1,1,45,41,54,48,11,5,3,2,41,26,8,8,28,13,6,8,31,14,10,7,4,2,2,0,2679,1091,1258,330,2679,1186,623,870,296,81,63,152,352,130,82,140,1567,664,413,490,1369,771,270,328,1178,676,239,263,191,95,31,65,0,0,0,0,1,0,0,1,6,0,2,4,3,2,0,1,5,1,3,1,2,2,0,0,483,0,0,0,1,0,0,0,4,0,0,0,0,0,0,0,3,0,0,0,2,1,0,1,2,2,0,0,35,35,0,0,68,68,0,0,76,70,0,82,18,18,0,0,6,9,0,3,72,38,16,18,21,7,12,2,25,13,2,10,372,112,200,60,839,443,190,206,1728,588,1000,140
! ravióli.,SSA-P-10226,Steam|76561198070134441|0,STARTER,2026-06-13T18:53:39.000Z,20260613-185339-2026-2v2-2v2-Playoffs-UQF-G2,2026,2v2,2v2,2,Playoffs,UQF,7,2,11,BTF ESPORTS,FALSE,FALSE,0,Forbidden Temple,45,21,12,12,56,25,15,16,54,18,15,21,47,28,11,8,59,24,17,18,41,22,9,10,19,10,2,7,19,7,4,8,65,35,16,13,35,10,10,15,2258,1994,2470,2586,509842,224561,134288,150993,307075,144186,78481,84408,192691,76493,53256,62942,174434,69363,48090,56981,18257,7130,5166,5961,59,58,62,63,10,3,4,3,24,9,7,8,42,19,11,13,34,17,9,8,0,0,0,0,65,30,16,18,35,15,10,10,32,14,9,9,3,2,1,1,49,60,43,38,17,3,7,7,40,13,12,15,20,10,5,5,40,22,9,8,7,5,1,1,3215,1229,1045,941,3171,1404,748,1019,310,114,83,113,434,134,152,148,1759,671,438,650,1470,639,410,421,1325,570,373,382,145,69,37,39,4,3,1,0,3,2,1,0,3,0,0,3,6,3,2,1,8,5,1,2,4,1,0,3,238,0,0,0,0,0,0,0,6,0,0,0,0,0,0,0,1,0,0,0,4,0,0,4,0,0,0,0,0,0,0,0,0,0,0,0,53,0,0,53,0,0,0,0,29,0,0,29,82,48,11,23,29,11,11,7,21,17,0,4,549,413,112,24,963,559,132,272,2351,687,988,676
Sweaty,SSA-P-10056,Steam|76561198965054402|0,STARTER,2026-06-13T18:53:39.000Z,20260613-185339-2026-2v2-2v2-Playoffs-UQF-G2,2026,2v2,2v2,2,Playoffs,UQF,7,2,11,BTF ESPORTS,FALSE,FALSE,0,Forbidden Temple,55,24,16,15,45,23,11,11,47,14,13,19,53,33,13,7,53,24,14,15,47,23,13,11,31,11,12,8,28,12,10,6,71,40,20,11,29,7,7,15,2183,2115,2135,2540,510055,224961,137383,147711,306795,137142,81412,88241,193779,83998,53216,56565,152783,61211,44380,47192,40996,22787,8836,9373,60,56,66,67,7,3,2,3,22,7,6,9,44,21,11,12,33,19,9,6,0,0,0,0,62,30,16,16,38,18,11,10,29,12,9,8,9,5,2,2,42,52,45,23,11,2,4,6,46,12,13,20,27,19,5,3,27,15,8,3,5,4,1,0,2978,1157,1234,587,3053,1538,825,690,417,141,101,175,312,108,86,118,1628,753,427,448,1552,721,439,392,1190,502,368,320,362,219,71,72,3,2,1,0,4,1,2,1,5,2,3,0,10,4,4,2,6,5,1,0,12,4,3,5,640,0,0,0,1,0,0,0,6,0,0,0,0,0,0,0,5,0,0,0,1,0,0,1,1,1,0,0,33,33,0,0,23,23,0,0,55,0,0,55,33,33,0,0,0,0,0,0,77,36,20,21,26,11,12,3,6,6,0,0,375,179,186,10,918,426,240,252,2225,921,1014,290
2Die4,SSA-P-10001,Steam|76561198256947172|0,STARTER,2026-06-13T18:53:39.000Z,20260613-185339-2026-2v2-2v2-Playoffs-UQF-G2,2026,2v2,2v2,2,Playoffs,UQF,7,2,11,MZANSI BALLERS,TRUE,FALSE,0,Forbidden Temple,59,23,20,16,43,27,10,6,61,22,20,18,42,28,9,4,42,19,13,10,58,30,17,12,27,14,10,3,32,12,9,11,79,42,24,14,21,7,6,8,2320,2579,2300,1782,505896,239946,148650,117300,298847,143618,91549,63680,196420,91372,53897,51151,178212,86751,49455,42006,18208,4621,4442,9145,61,60,61,64,8,4,2,2,22,11,6,5,47,21,14,12,31,16,10,5,0,0,0,0,64,32,19,13,36,17,11,9,32,15,10,7,4,1,1,2,47,48,45,46,8,1,5,2,44,21,14,9,22,11,5,6,34,16,11,7,10,5,3,2,2297,1126,769,402,2275,1102,544,629,199,71,48,80,330,152,97,81,1297,652,281,364,1447,663,427,357,1279,616,387,276,168,47,40,81,3,2,1,0,4,3,0,1,2,0,1,1,9,5,3,1,10,7,3,0,5,4,0,1,723,0,0,0,1,0,0,0,4,0,0,0,1,0,0,0,6,0,0,0,1,0,0,1,3,2,1,0,62,59,3,0,47,41,60,0,81,0,0,81,21,30,3,0,29,0,0,29,58,32,13,13,23,10,10,3,12,0,6,6,582,277,236,69,684,384,150,150,1718,723,764,231
Snowyy,SSA-P-10054,Steam|76561198409065326|0,STARTER,2026-06-13T18:53:39.000Z,20260613-185339-2026-2v2-2v2-Playoffs-UQF-G2,2026,2v2,2v2,2,Playoffs,UQF,7,2,11,MZANSI BALLERS,TRUE,FALSE,0,Forbidden Temple,43,19,10,15,59,39,13,7,42,15,11,16,61,43,13,6,43,27,9,7,57,29,12,15,26,16,4,6,20,9,3,7,85,52,18,16,15,4,4,6,2525,2761,2497,2022,483688,262615,110909,110164,308665,178492,71801,58372,166293,80188,37117,48988,132679,67533,28672,36474,33614,12655,8445,12514,58,56,63,61,5,2,1,2,15,6,4,5,49,28,10,10,36,22,7,7,0,0,0,0,66,39,15,12,34,17,7,9,26,15,5,7,7,3,2,3,44,49,41,39,12,5,3,4,42,22,10,10,24,13,5,6,33,21,6,6,3,2,1,0,2726,1660,679,387,2524,1441,500,583,209,88,63,58,208,87,53,68,1438,892,305,241,1343,682,284,377,1032,568,205,259,311,114,79,118,4,4,0,0,3,1,1,1,6,3,2,1,5,2,0,3,6,4,0,2,11,7,2,2,679,0,0,0,2,0,0,0,6,0,0,0,0,0,0,0,4,0,0,0,0,0,0,0,3,3,0,0,196,196,0,0,48,48,0,0,0,0,0,0,65,65,0,0,0,0,0,0,92,57,18,17,19,11,6,2,6,5,1,0,260,216,44,0,1098,679,215,204,1640,884,556,200
! ravióli.,SSA-P-10226,Steam|76561198070134441|0,STARTER,2026-06-13T19:05:00.000Z,20260613-190500-2026-2v2-2v2-Playoffs-UQF-G3,2026,2v2,2v2,2,Playoffs,UQF,7,3,12,BTF ESPORTS,FALSE,TRUE,84,DFH Stadium,50,22,10,17,53,28,15,10,48,20,11,18,54,30,14,9,56,27,14,14,44,20,11,13,29.69,12.5,8.59,8.59,26,12,5,9,77,39,19,19,23,9,5,8,2356,2580,2819,1734,446219.53,210683.59,114352.34,121183.59,260788.28,131100.78,65548.44,64139.06,177052.34,76312.5,46360.16,54379.69,152142.19,68584.38,43258.59,40299.22,24910.16,7728.13,3101.56,14080.47,52,51,59,53,5,2,2,1,14,5,5,4,40,20,10,11,45,22,10,12,1,1,0,0,63,32,16,15,37,16,9,12,31,14,9,9,6,2,1,3,39,38,40,45,24,10,7,6,53,27,14,12,18,8,3,6,29,12,8,9,6,4,1,2,3157.03,1611.72,1110.16,435.16,2799.22,1310.16,614.06,875,181.25,83.59,35.94,61.72,203.91,75,67.97,60.94,1485.16,706.25,341.41,437.5,1523.44,644.53,375,503.91,1272.66,562.5,349.22,360.94,250.78,82.03,25.78,142.97,3.91,0.78,0.78,2.34,7.81,3.13,0,4.69,7.81,0.78,3.91,3.13,9.38,6.25,1.56,1.56,8.59,5.47,0.78,2.34,8.59,3.91,0.78,3.91,417.19,0,0,0,1.56,0,0,0,3.13,0,0,0,0,0,0,0,0.78,0,0,0,0.78,0,0,0.78,2.34,1.56,0.78,0,183.59,114.84,68.75,0,65,64,67,0,83,0,0,83,78,74,88,0,69,0,0,69,77.34,42.19,15.63,19.53,22.66,10.16,10.16,2.34,27.34,12.5,10.16,4.69,165.63,83.59,64.06,17.97,900.78,493.75,177.34,229.69,2100,932.03,951.56,216.41
Sweaty,SSA-P-10056,Steam|76561198965054402|0,STARTER,2026-06-13T19:05:00.000Z,20260613-190500-2026-2v2-2v2-Playoffs-UQF-G3,2026,2v2,2v2,2,Playoffs,UQF,7,3,12,BTF ESPORTS,FALSE,TRUE,84,DFH Stadium,52,21,11,20,49,25,11,13,54,17,11,26,48,29,11,8,55,28,12,15,45,16,10,19,20.31,7.81,3.91,8.59,17,3,3,10,77,39,17,21,23,6,5,12,2205,2294,2779,1851,491921.88,209687.5,118260.16,163974.22,287339.06,124707.03,70245.31,92386.72,194842.19,80686.72,45857.81,68297.66,174098.44,74498.44,39653.91,59946.09,20743.75,6188.28,6203.91,8351.56,57,54,68,58,7,4,2,2,17,7,5,5,45,17,12,16,37,19,6,12,1,1,0,0,62,29,14,20,38,16,9,14,33,14,7,12,5,1,1,2,40,40,48,37,15,4,4,7,50,22,9,18,25,12,5,7,25,10,7,8,4,2,2,1,2771.88,1232.03,778.91,760.94,2714.06,1152.34,550,1011.72,243.75,69.53,59.38,114.84,291.41,146.88,73.44,71.09,1409.38,530.47,305.47,573.44,1564.06,639.06,349.22,575.78,1364.84,582.03,298.44,484.38,199.22,57.03,50.78,91.41,7.81,1.56,2.34,3.91,3.91,0.78,0,3.13,8.59,3.91,0.78,3.91,7.81,2.34,1.56,3.91,6.25,3.13,1.56,1.56,2.34,1.56,0,0.78,588.28,0,0,0,0.78,0,0,0,3.91,0,0,0,0.78,0,0,0,4.69,0,0,0,0,0,0,0,1.56,1.56,0,0,120.31,120.31,0,0,39,39,0,0,0,0,0,0,77,77,0,0,0,0,0,0,81.25,46.09,17.19,17.97,20.31,7.81,7.81,4.69,13.28,10.16,0,3.13,219.53,76.56,133.59,9.38,961.72,542.97,206.25,212.5,1811.72,704.69,647.66,459.38
2Die4,SSA-P-10001,Steam|76561198256947172|0,STARTER,2026-06-13T19:05:00.000Z,20260613-190500-2026-2v2-2v2-Playoffs-UQF-G3,2026,2v2,2v2,2,Playoffs,UQF,7,3,12,MZANSI BALLERS,TRUE,TRUE,84,DFH Stadium,58,32,11,16,44,24,12,8,54,24,13,17,48,31,10,7,41,26,9,6,59,27,14,18,35.16,15.63,7.03,12.5,41,16,9,15,75,43,17,15,25,11,5,9,1932,1917,2408,1579,455738.28,224671.09,112892.19,118175,227529.69,122148.44,59625,45756.25,218301.56,99040.63,49969.53,69291.41,178810.16,79746.88,42740.63,56322.66,39491.41,19293.75,7228.91,12968.75,53,49,60,57,7,3,1,3,14,5,3,5,40,19,11,10,46,29,8,9,1,1,0,0,57,33,13,11,43,21,9,13,34,16,8,10,10,5,2,3,49,56,47,36,12,4,5,4,42,18,10,14,21,12,4,4,37,23,8,6,11,9,2,0,2668.75,1060.16,1086.72,521.88,2547.66,1339.84,615.63,592.19,42.19,17.97,10.94,13.28,289.06,114.84,54.69,119.53,1189.84,576.56,362.5,250.78,1814.84,867.97,395.31,551.56,1396.09,653.13,327.34,415.63,418.75,214.84,67.97,135.94,7.81,0.78,3.13,3.91,3.91,1.56,0.78,1.56,11.72,3.91,3.91,3.91,8.59,5.47,0.78,2.34,8.59,3.91,2.34,2.34,14.84,6.25,3.91,4.69,428.13,0,0,0,1.56,0,0,0,3.91,0,0,0,0.78,0,0,0,0,0,0,0,0.78,0,0,0.78,0.78,0.78,0,0,78.13,78.13,0,0,18,18,0,0,50,0,0,50,100,100,0,0,0,0,0,0,53.13,26.56,10.94,15.63,21.09,7.03,10.16,3.91,15.63,15.63,0,0,308.59,144.53,139.84,24.22,621.88,303.13,131.25,187.5,1800.78,558.59,875.78,366.41
Snowyy,SSA-P-10054,Steam|76561198409065326|0,STARTER,2026-06-13T19:05:00.000Z,20260613-190500-2026-2v2-2v2-Playoffs-UQF-G3,2026,2v2,2v2,2,Playoffs,UQF,7,3,12,MZANSI BALLERS,TRUE,TRUE,84,DFH Stadium,43,20,8,15,57,35,11,11,47,20,9,18,53,35,10,8,44,27,8,9,56,28,11,17,18.75,10.16,3.91,4.69,14,4,4,6,72,43,13,16,28,13,6,10,2274,2295,2630,2043,470858.59,241539.06,93798.44,135521.09,296536.72,161322.66,54976.56,80237.5,166043.75,76121.88,37117.97,52803.91,157620.31,73030.47,34560.94,50028.91,8423.44,3091.41,2557.03,2775,55,51,62,61,5,1,1,3,16,6,3,6,42,20,10,12,42,28,5,8,1,1,0,0,67,40,11,16,33,16,7,10,31,15,6,9,3,1,1,1,40,42,39,37,9,3,3,3,51,27,10,14,25,15,4,6,25,14,5,6,3,2,0,1,2928.13,1409.38,866.41,652.34,2692.97,1303.13,567.19,822.66,268.75,78.13,60.16,130.47,224.22,57.03,54.69,112.5,1665.63,752.34,366.41,546.88,1347.66,637.5,300.78,409.38,1242.19,607.03,254.69,380.47,105.47,30.47,46.09,28.91,3.91,1.56,0.78,1.56,7.81,3.13,2.34,2.34,4.69,3.13,0.78,0.78,6.25,2.34,2.34,1.56,8.59,4.69,2.34,1.56,2.34,1.56,0.78,0,496.88,0,0,0,1.56,0,0,0,5.47,0,0,0,0.78,0,0,0,1.56,0,0,0,2.34,0,0.78,1.56,1.56,0.78,0.78,0,146.09,75.78,70.31,0,78,75,80,0,80,0,82,79,94,97,90,0,21,0,38,13,90.63,46.88,17.19,26.56,20.31,8.59,7.81,3.91,15.63,7.81,4.69,3.13,167.97,102.34,24.22,41.41,1071.88,554.69,201.56,315.63,1863.28,757.03,757.03,349.22
! ravióli.,SSA-P-10226,Steam|76561198070134441|0,STARTER,2026-06-13T19:14:35.000Z,20260613-191435-2026-2v2-2v2-Playoffs-UQF-G4,2026,2v2,2v2,2,Playoffs,UQF,7,4,13,BTF ESPORTS,FALSE,FALSE,0,Utopia Coliseum (Dusk),45,22,9,14,55,29,16,10,54,19,16,19,46,32,9,5,61,31,13,16,39,19,12,8,22,11,6,5,23,12,6,5,63,37,14,12,37,13,11,13,2251,2183,2676,2055,488692,236967,123852,127873,273317,136014,76748,60555,204004,96111,44132,63761,181698,84925,43687,53086,22306,11186,445,10675,56,54,58,59,7,3,2,2,17,8,5,5,42,21,10,12,40,22,10,8,0,0,0,0,60,31,16,13,40,19,9,12,35,17,9,10,5,2,0,2,38,40,43,32,20,7,5,8,53,26,13,14,19,10,3,6,28,14,9,4,5,3,1,1,3018,1268,1231,519,3194,1561,722,911,237,76,75,86,311,136,83,92,1709,843,402,464,1686,807,377,502,1478,700,374,404,208,107,3,98,0,0,0,0,4,1,0,3,8,3,3,2,4,2,1,1,5,1,2,2,4,2,0,2,486,0,0,0,2,0,0,0,4,0,0,0,0,0,0,0,1,0,0,0,3,1,1,1,0,0,0,0,0,0,0,0,0,0,0,0,53,44,81,34,0,0,0,0,36,78,18,13,87,51,24,12,25,8,13,4,6,6,0,0,346,198,61,87,1038,606,288,144,2154,602,1239,313
Sweaty,SSA-P-10056,Steam|76561198965054402|0,STARTER,2026-06-13T19:14:35.000Z,20260613-191435-2026-2v2-2v2-Playoffs-UQF-G4,2026,2v2,2v2,2,Playoffs,UQF,7,4,13,BTF ESPORTS,FALSE,FALSE,0,Utopia Coliseum (Dusk),55,32,13,10,45,25,13,7,46,18,18,11,54,39,8,7,59,31,16,12,41,26,10,6,25,10,7,8,28,12,7,9,72,44,17,10,28,12,9,7,1928,1964,2284,1498,487095,256913,137871,92311,275674,151374,78748,45552,201288,100937,55762,44589,165053,81971,43399,39683,36235,18966,12363,4906,56,52,65,60,6,3,2,1,16,7,7,2,43,23,11,10,41,27,8,6,0,0,0,0,61,36,15,10,39,21,11,8,32,16,8,7,8,4,2,1,45,54,39,31,11,3,5,3,45,19,14,11,23,15,4,4,33,22,7,3,5,4,0,0,2996,1658,1143,195,3037,1798,770,469,215,63,126,26,281,120,99,62,1531,831,455,245,1680,886,449,345,1350,702,340,308,330,184,109,37,4,2,0,2,0,0,0,0,6,1,1,4,6,4,1,1,10,6,2,2,6,3,1,2,459,0,0,0,1,0,0,0,4,0,0,0,1,0,0,0,2,0,0,0,3,1,0,2,0,0,0,0,0,0,0,0,0,0,0,0,63,60,0,65,0,0,0,0,27,51,0,16,74,47,16,11,27,15,10,2,23,21,0,2,351,201,146,4,865,543,192,130,2349,1299,854,196
2Die4,SSA-P-10001,Steam|76561198256947172|0,STARTER,2026-06-13T19:14:35.000Z,20260613-191435-2026-2v2-2v2-Playoffs-UQF-G4,2026,2v2,2v2,2,Playoffs,UQF,7,4,13,MZANSI BALLERS,TRUE,FALSE,0,Utopia Coliseum (Dusk),59,23,13,23,43,23,13,8,60,20,16,25,42,26,10,6,44,21,10,12,56,23,15,18,21,8,7,6,29,9,6,14,75,37,19,19,25,7,7,11,2339,2681,2792,1493,467474,192325,122391,152758,245580,106061,61790,77729,211958,82274,57726,71958,186343,78083,48137,60123,25615,4191,9589,11835,55,52,56,59,5,2,1,2,14,5,4,4,47,18,11,17,39,21,10,9,0,0,0,0,57,27,14,17,43,17,11,14,37,16,9,11,5,1,2,2,38,47,33,31,17,3,7,7,57,21,17,19,14,7,2,5,28,16,6,6,7,5,2,0,2534,1259,772,503,2610,1392,445,773,115,38,31,46,219,83,48,88,1258,671,231,356,1772,707,479,586,1536,665,394,477,236,42,85,109,4,0,1,3,5,2,2,1,5,1,3,1,9,4,5,0,5,1,3,1,5,2,1,2,790,0,0,0,3,0,0,0,7,0,0,0,2,0,0,0,1,0,0,0,0,0,0,0,3,1,1,1,125,64,8,53,71,53,79,81,0,0,0,0,42,64,8,53,0,0,0,0,79,40,18,21,21,9,8,4,29,11,17,1,212,158,44,10,919,469,199,251,1888,742,756,390
Snowyy,SSA-P-10054,Steam|76561198409065326|0,STARTER,2026-06-13T19:14:35.000Z,20260613-191435-2026-2v2-2v2-Playoffs-UQF-G4,2026,2v2,2v2,2,Playoffs,UQF,7,4,13,MZANSI BALLERS,TRUE,FALSE,0,Utopia Coliseum (Dusk),44,13,13,18,59,31,15,13,42,11,12,19,61,33,16,11,47,18,14,14,53,25,13,15,25,9,5,11,21,7,5,9,82,37,23,22,18,6,5,7,2553,2935,2809,1936,456036,199779,126725,129532,282180,116420,89771,75989,165816,79826,34639,51351,144969,68357,29986,46626,20847,11469,4653,4725,53,54,57,52,4,2,1,1,12,5,4,3,43,19,12,12,45,19,12,14,0,0,0,0,64,27,20,17,36,16,7,12,30,14,6,10,5,3,1,1,42,42,48,37,11,2,3,6,48,21,12,15,23,11,5,6,29,11,10,8,5,2,2,1,2843,1231,1085,527,2670,1259,675,736,244,138,66,40,176,70,49,57,1464,653,429,382,1477,687,304,486,1250,571,257,422,227,116,47,64,5,2,2,1,4,0,0,4,9,5,1,3,6,2,1,3,5,3,0,2,7,1,1,5,704,0,0,0,3,0,0,0,5,0,0,0,2,0,0,0,1,0,0,0,0,0,0,0,3,2,0,1,154,87,0,67,66,69,0,60,0,0,0,0,51,44,0,67,0,0,0,0,87,41,17,29,19,8,8,3,12,0,0,12,200,69,71,60,1032,492,204,336,1700,731,729,240
Çhancla,SSA-P-10280,Epic|ed69473602b24401a609e1d86320b2b8|0,STARTER,2026-06-13T19:31:30.000Z,20260613-193130-2026-2v2-2v2-Playoffs-UQF-G1,2026,2v2,2v2,2,Playoffs,UQF,7,1,14,BLACK AND WHITE,FALSE,FALSE,0,Mannfield (Night),49,21,12,17,52,29,14,9,43,15,11,17,58,35,14,9,44,21,12,12,56,28,13,14,33,19,9,5,33,19,9,5,76,41,17,18,24,8,8,7,2053,2119,2314,1676,562522,277864,143684,140974,312452,161511,75863,75078,236634,109830,64126,62678,209172,99616,53572,55984,27462,10214,10554,6694,62,62,64,61,11,6,3,3,27,14,7,6,46,24,11,12,27,12,6,8,0,0,0,0,61,32,14,15,39,18,11,10,35,16,9,9,5,2,2,1,48,52,40,46,13,6,4,3,41,18,12,11,23,10,8,6,35,21,5,9,7,5,1,1,3530,1918,785,827,3448,1731,761,956,380,219,100,61,485,245,116,124,1825,976,333,516,1691,770,479,442,1476,694,388,394,215,76,91,48,5,4,0,1,5,4,1,0,6,1,2,3,11,5,5,1,9,6,1,2,12,8,2,2,394,0,0,0,0,0,0,0,3,0,0,0,1,0,0,0,2,0,0,0,0,0,0,0,2,0,2,0,45,0,45,0,52,0,52,0,0,0,0,0,23,0,23,0,0,0,0,0,80,47,10,23,30,14,10,6,50,30,4,16,539,219,210,110,910,534,116,260,2461,1181,790,490
Zany,SSA-P-10164,Steam|76561199058797271|0,STARTER,2026-06-13T19:31:30.000Z,20260613-193130-2026-2v2-2v2-Playoffs-UQF-G1,2026,2v2,2v2,2,Playoffs,UQF,7,1,14,BLACK AND WHITE,FALSE,FALSE,0,Mannfield (Night),52,21,13,17,50,24,12,13,58,21,16,21,44,24,9,10,45,19,12,14,55,26,13,16,21,5,5,11,13,4,5,4,70,34,17,19,30,11,8,11,1988,1978,2198,1859,516367,235085,133848,147434,307596,150479,78552,78565,197283,79738,52675,64870,182590,76296,46472,59822,14693,3442,6203,5048,57,57,60,54,5,2,1,1,16,8,5,4,46,19,13,14,38,18,7,12,0,0,0,0,62,31,15,17,38,15,10,13,34,14,8,12,4,1,1,1,37,39,36,33,16,4,6,6,56,24,14,17,23,11,5,7,22,10,6,5,5,3,1,0,2794,1413,844,537,2778,1374,561,843,137,35,48,54,241,114,65,62,1522,772,344,406,1654,645,441,568,1484,597,373,514,170,48,68,54,5,1,2,2,5,2,2,1,9,1,2,6,1,0,0,1,5,0,1,4,5,2,1,2,414,0,0,0,2,0,0,0,4,0,0,0,0,0,0,0,1,0,0,0,0,0,0,0,1,0,0,1,84,0,0,84,70,0,0,70,0,0,0,0,84,0,0,84,0,0,0,0,109,60,23,26,17,7,8,2,53,34,7,12,284,113,152,19,1255,686,269,300,1416,587,648,181
gunz,SSA-P-10131,Steam|76561199014096651|0,STARTER,2026-06-13T19:31:30.000Z,20260613-193130-2026-2v2-2v2-Playoffs-UQF-G1,2026,2v2,2v2,2,Playoffs,UQF,7,1,14,THE MEATBALLS,TRUE,FALSE,0,Mannfield (Night),50,20,13,17,50,25,12,13,58,21,16,22,42,24,9,8,48,23,11,14,52,22,13,16,20,6,9,5,16,7,5,5,66,31,16,18,34,14,8,12,2003,2154,2121,1678,546351,241857,138797,165697,324941,152148,73961,98832,209159,84431,61256,63472,185081,68548,57532,59001,24078,15883,3724,4471,59,59,61,60,9,3,2,3,22,8,5,8,44,21,12,11,34,15,7,11,0,0,0,0,63,30,14,19,37,15,11,11,32,12,10,10,4,3,1,1,42,46,37,39,16,6,5,5,48,20,13,15,23,11,5,8,28,14,6,8,6,4,2,1,2940,1415,1132,393,2944,1431,682,831,361,139,95,127,413,138,116,159,1452,634,332,486,1624,672,472,480,1425,547,440,438,199,125,32,42,7,1,5,1,8,2,3,3,5,1,3,1,5,2,1,2,4,2,1,1,3,0,2,1,488,0,0,0,2,0,0,0,5,0,0,0,0,0,0,0,1,0,0,0,3,1,2,0,0,0,0,0,0,0,0,0,0,0,0,0,77,74,79,0,0,0,0,0,53,69,45,0,79,40,15,24,22,9,10,3,33,33,0,0,371,72,207,92,915,447,180,288,1829,828,793,208
tehqoz,SSA-P-10281,Steam|76561198826433632|0,STARTER,2026-06-13T19:31:30.000Z,20260613-193130-2026-2v2-2v2-Playoffs-UQF-G1,2026,2v2,2v2,2,Playoffs,UQF,7,1,14,THE MEATBALLS,TRUE,FALSE,0,Mannfield (Night),50,24,11,16,50,26,14,10,42,14,11,17,58,36,14,9,51,23,14,13,49,26,11,12,34,23,6,5,37,21,5,11,75,40,18,18,25,9,8,8,1956,2048,2336,1508,547646,251392,146032,150222,274760,127116,83152,64492,259252,117823,59610,81819,226607,106397,53550,66660,32645,11426,6060,15159,60,56,66,64,10,4,3,3,27,11,8,8,38,15,11,12,35,23,6,6,0,0,0,0,53,27,15,11,47,22,11,14,41,20,9,12,6,2,1,3,46,45,52,44,13,7,3,3,46,25,10,11,20,8,6,6,35,17,9,9,7,3,3,1,3010,1409,1231,370,3059,1391,832,836,394,119,138,137,451,190,113,148,1162,469,396,297,2083,969,472,642,1807,871,414,522,276,98,58,120,8,6,1,1,7,5,0,2,10,8,1,1,9,5,2,2,8,4,3,1,11,8,2,1,686,0,0,0,2,0,0,0,2,0,0,0,2,0,0,0,2,0,0,0,0,0,0,0,0,0,0,0,0,0,0,0,0,0,0,0,0,0,0,0,0,0,0,0,0,0,0,0,76,49,13,14,26,10,13,3,60,54,0,6,574,296,252,26,852,534,156,162,2026,704,1048,274
Çhancla,SSA-P-10280,Epic|ed69473602b24401a609e1d86320b2b8|0,STARTER,2026-06-13T19:40:29.000Z,20260613-194029-2026-2v2-2v2-Playoffs-UQF-G2,2026,2v2,2v2,2,Playoffs,UQF,7,2,15,BLACK AND WHITE,FALSE,FALSE,0,Forbidden Temple,51,25,12,14,52,29,10,12,56,27,11,19,47,28,11,8,44,23,9,12,56,29,13,14,16,8,4,4,19,8,4,7,72,40,17,16,28,12,5,10,2010,2159,2076,1709,500221,249216,111598,139407,274026,128556,70134,75336,213486,114279,38932,60275,184026,97634,31618,54774,29460,16645,7314,5501,59,56,62,64,7,3,2,2,21,10,5,6,43,21,10,13,36,22,7,6,0,0,0,0,60,29,15,16,40,23,7,10,34,20,5,9,6,3,2,1,43,52,41,26,21,6,5,10,50,20,12,18,17,10,4,4,33,23,6,4,9,6,3,1,2581,1515,853,213,2502,1501,452,549,266,114,68,84,297,133,83,81,1209,620,277,312,1642,941,287,414,1388,798,212,378,254,143,75,36,1,0,0,1,1,0,1,0,2,0,2,0,5,3,1,1,3,2,1,0,4,2,2,0,413,0,0,0,0,0,0,0,1,0,0,0,1,0,0,0,3,0,0,0,0,0,0,0,2,2,0,0,163,163,0,0,49,49,0,0,0,0,0,0,82,82,0,0,0,0,0,0,60,34,7,19,20,13,7,0,22,16,6,0,177,125,52,0,698,392,78,228,1823,1175,648,0
Zany,SSA-P-10164,Steam|76561199058797271|0,STARTER,2026-06-13T19:40:29.000Z,20260613-194029-2026-2v2-2v2-Playoffs-UQF-G2,2026,2v2,2v2,2,Playoffs,UQF,7,2,15,BLACK AND WHITE,FALSE,FALSE,0,Forbidden Temple,51,26,11,14,51,28,14,9,46,20,11,15,56,33,14,8,42,23,9,11,58,29,16,13,23,9,6,8,25,14,5,7,75,41,19,15,25,11,5,8,2175,2162,2830,1821,451941,225615,112318,114008,252665,136681,63052,52932,188404,83923,46189,58292,173170,78028,41453,53689,15234,5895,4736,4603,54,52,60,58,5,2,1,2,16,6,5,5,38,20,8,11,45,26,12,8,0,0,0,0,61,35,15,11,39,17,10,12,35,16,9,11,4,1,1,1,45,45,54,43,14,6,5,3,45,24,10,11,23,11,6,7,32,16,10,6,8,4,3,2,2743,1480,884,379,2472,1278,538,656,152,35,38,79,197,75,49,73,1184,599,302,283,1575,672,413,490,1418,620,364,434,157,52,49,56,1,0,1,0,1,0,0,1,5,1,3,1,7,4,2,1,6,2,1,3,8,2,0,6,799,0,0,0,2,0,0,0,4,0,0,0,0,0,0,0,7,0,0,0,1,0,1,0,3,2,1,0,241,141,100,0,44,44,44,0,81,0,81,0,80,71,100,0,0,0,0,0,79,52,13,14,23,11,10,2,54,13,31,10,298,231,63,4,894,611,125,158,2002,869,937,196
gunz,SSA-P-10131,Steam|76561199014096651|0,STARTER,2026-06-13T19:40:29.000Z,20260613-194029-2026-2v2-2v2-Playoffs-UQF-G2,2026,2v2,2v2,2,Playoffs,UQF,7,2,15,THE MEATBALLS,TRUE,FALSE,0,Forbidden Temple,52,20,11,21,49,21,12,16,62,19,14,28,39,21,9,9,60,25,15,20,40,15,8,17,26,7,6,13,26,6,5,14,63,30,14,20,37,10,9,17,2108,2238,2442,1805,458640,173621,108957,176062,251410,102567,58894,89949,196658,66878,47704,82076,169741,56713,39151,73877,26917,10165,8553,8199,54,51,57,56,9,4,3,3,19,6,6,7,35,13,7,15,46,21,9,16,0,0,0,0,57,26,12,19,43,14,11,18,36,12,9,15,7,2,2,2,48,58,39,44,16,4,6,5,40,12,13,15,24,9,4,11,36,19,7,11,12,8,2,2,3229,1252,1140,837,2998,1190,626,1182,347,106,94,147,377,152,106,119,1286,536,280,470,1746,557,459,730,1447,460,354,633,299,97,105,97,7,3,1,3,4,2,0,2,5,1,3,1,5,2,0,3,7,3,0,4,1,1,0,0,360,0,0,0,0,0,0,0,5,0,0,0,2,0,0,0,1,0,0,0,3,0,0,3,2,0,1,1,179,0,89,90,48,0,71,25,72,0,0,72,90,0,89,90,57,0,0,57,76,32,14,30,30,11,13,6,48,16,13,19,515,259,176,80,864,368,155,341,2485,841,1124,520
tehqoz,SSA-P-10281,Steam|76561198826433632|0,STARTER,2026-06-13T19:40:29.000Z,20260613-194029-2026-2v2-2v2-Playoffs-UQF-G2,2026,2v2,2v2,2,Playoffs,UQF,7,2,15,THE MEATBALLS,TRUE,FALSE,0,Forbidden Temple,49,19,12,18,53,24,14,15,40,12,10,17,62,32,15,15,54,22,13,19,46,21,12,13,31,7,9,15,28,13,5,10,76,35,19,23,24,8,6,10,2098,2154,2513,1807,508435,201132,135048,172255,224391,93456,64712,66223,270560,102857,66736,100967,235056,86563,58626,89867,35504,16294,8110,11100,59,55,66,62,11,4,3,4,21,7,6,8,47,18,12,16,32,17,7,8,0,0,0,0,48,22,12,13,52,20,12,19,44,17,11,17,8,4,2,2,43,43,46,41,13,3,4,5,49,22,12,15,21,8,5,8,31,13,8,9,6,2,3,1,2895,1290,1169,436,3065,1372,707,986,185,55,64,66,462,167,125,170,1005,445,255,305,2129,839,516,774,1812,679,447,686,317,160,69,88,4,2,1,1,7,3,1,3,2,0,2,0,4,1,2,1,5,1,3,1,10,2,3,5,1001,0,0,0,5,0,0,0,12,0,0,0,0,0,0,0,2,0,0,0,0,0,0,0,1,0,1,0,0,0,0,0,71,0,71,0,0,0,0,0,0,0,0,0,0,0,0,0,66,30,16,20,21,9,11,1,9,3,6,0,366,122,221,23,783,357,186,240,1734,778,879,77
Çhancla,SSA-P-10280,Epic|ed69473602b24401a609e1d86320b2b8|0,STARTER,2026-06-13T19:49:24.000Z,20260613-194924-2026-2v2-2v2-Playoffs-UQF-G3,2026,2v2,2v2,2,Playoffs,UQF,7,3,16,BLACK AND WHITE,FALSE,FALSE,0,DFH Stadium,55,35,9,11,45,19,13,13,48,25,10,14,52,29,13,10,46,28,9,9,54,26,13,15,30,15,10,5,35,21,7,7,76,42,17,16,24,12,5,7,1825,1781,2175,1731,495817,241425,119651,134741,295634,133222,78351,84061,188910,101711,38935,48264,167715,91890,35551,40274,21195,9821,3384,7990,58,53,67,66,8,3,2,3,23,9,6,8,40,19,10,12,37,26,6,5,0,0,0,0,62,32,15,15,38,22,7,9,33,19,7,7,5,3,1,2,44,48,42,37,18,7,7,4,48,23,12,13,19,12,3,5,33,19,8,6,6,5,1,0,3011,1552,944,515,3044,1797,569,678,371,115,112,144,337,148,71,118,1658,786,409,463,1583,907,308,368,1370,796,283,291,213,111,25,77,6,4,1,1,3,2,1,0,7,1,6,0,9,6,3,0,9,4,2,3,9,5,3,1,702,0,0,0,2,0,0,0,4,0,0,0,1,0,0,0,4,0,0,0,1,0,0,1,2,0,1,1,44,0,10,34,77,0,83,70,83,0,0,83,22,0,10,34,56,0,0,56,68,32,15,21,21,11,6,4,11,8,3,0,377,207,31,139,805,376,177,252,1723,893,569,261
Zany,SSA-P-10164,Steam|76561199058797271|0,STARTER,2026-06-13T19:49:24.000Z,20260613-194924-2026-2v2-2v2-Playoffs-UQF-G3,2026,2v2,2v2,2,Playoffs,UQF,7,3,16,BLACK AND WHITE,FALSE,FALSE,0,DFH Stadium,46,17,9,19,56,33,10,14,52,20,9,23,49,30,10,10,52,28,10,14,48,22,8,18,27,13,6,8,17,7,3,7,68,39,12,17,32,11,6,15,1868,1919,1933,1802,491418,237704,97045,156669,300509,159004,58432,83073,181418,74532,36704,70182,152738,69839,29026,53873,28680,4693,7678,16309,56,55,63,56,6,2,1,3,18,7,4,6,40,20,8,12,41,22,6,13,0,0,0,0,63,34,11,17,37,15,7,15,30,14,5,11,7,1,2,4,46,52,43,39,10,4,2,5,46,19,9,17,19,10,4,5,35,21,5,9,7,5,1,1,2696,1212,807,677,2801,1225,569,1007,242,78,38,126,258,102,37,119,1354,669,262,423,1568,647,299,622,1280,594,227,459,288,53,72,163,3,1,1,1,6,4,0,2,9,5,3,1,5,1,2,2,5,2,1,2,9,7,0,2,519,0,0,0,1,0,0,0,5,0,0,0,2,0,0,0,1,0,0,0,0,0,0,0,0,0,0,0,0,0,0,0,0,0,0,0,0,0,0,0,0,0,0,0,0,0,0,0,89,40,11,38,21,9,8,4,50,34,0,16,282,121,123,38,1018,446,132,440,1818,779,677,362
gunz,SSA-P-10131,Steam|76561199014096651|0,STARTER,2026-06-13T19:49:24.000Z,20260613-194924-2026-2v2-2v2-Playoffs-UQF-G3,2026,2v2,2v2,2,Playoffs,UQF,7,3,16,THE MEATBALLS,TRUE,FALSE,0,DFH Stadium,49,20,9,19,52,24,11,17,48,14,10,24,53,30,10,12,48,20,12,16,52,24,8,20,24,11,3,10,20,10,2,8,78,36,15,27,22,7,5,10,2062,2296,2136,1814,456121,195938,95034,165149,251738,118747,48976,84015,194774,73856,43133,77785,158459,59504,35294,63661,36315,14352,7839,14124,53,52,58,52,7,3,2,2,15,6,4,4,39,17,7,15,44,19,8,17,1,1,0,0,59,28,11,20,41,16,9,16,32,12,7,13,9,4,2,3,41,51,35,33,18,2,5,10,54,18,14,22,15,8,1,6,31,17,5,9,10,5,3,3,2560,1261,721,578,2588,1246,487,855,153,62,39,52,284,130,83,71,938,454,155,329,1715,659,364,692,1324,482,294,548,391,177,70,144,5,3,1,1,4,1,1,2,5,1,2,2,7,3,1,3,7,3,2,2,7,1,1,5,670,0,0,0,1,0,0,0,6,0,0,0,2,0,0,0,4,0,0,0,1,1,0,0,1,1,0,0,8,8,0,0,64,64,0,0,68,68,0,0,8,8,0,0,54,54,0,0,66,30,9,27,22,9,10,3,22,22,0,0,212,77,130,5,770,338,108,324,1988,823,870,295
tehqoz,SSA-P-10281,Steam|76561198826433632|0,STARTER,2026-06-13T19:49:24.000Z,20260613-194924-2026-2v2-2v2-Playoffs-UQF-G3,2026,2v2,2v2,2,Playoffs,UQF,7,3,16,THE MEATBALLS,TRUE,FALSE,0,DFH Stadium,52,18,11,23,49,23,14,12,53,17,12,23,48,23,13,12,49,20,11,18,51,20,14,17,34,10,15,9,26,8,7,11,72,31,19,23,28,9,6,12,2004,2166,2320,1630,510251,196240,127116,186895,215417,92985,66440,55992,280122,97988,57812,124322,255020,89288,53659,112073,25102,8700,4153,12249,59,57,60,61,10,4,1,5,23,9,5,9,42,17,11,15,35,14,9,11,0,0,0,0,47,20,14,13,53,20,11,22,48,18,10,20,5,2,1,2,42,45,47,37,16,4,4,7,52,20,12,19,17,6,3,8,31,14,10,8,9,4,3,2,2850,1104,1153,593,2907,1201,620,1086,251,90,90,71,439,160,63,216,971,446,238,287,2237,840,461,936,2001,746,422,833,236,94,39,103,4,1,1,2,5,1,2,2,11,0,8,3,7,2,4,1,7,4,0,3,12,4,7,1,651,0,0,0,3,0,0,0,8,0,0,0,1,0,0,0,0,0,0,0,1,0,1,0,1,1,0,0,12,12,0,0,36,36,0,0,79,0,79,0,12,12,0,0,0,0,0,0,80,36,19,25,24,8,12,4,42,20,2,20,550,132,382,36,918,412,226,280,1850,668,818,364
Çhancla,SSA-P-10280,Epic|ed69473602b24401a609e1d86320b2b8|0,STARTER,2026-06-13T20:01:38.000Z,20260613-200138-2026-2v2-2v2-Playoffs-UQF-G4,2026,2v2,2v2,2,Playoffs,UQF,7,4,17,BLACK AND WHITE,FALSE,FALSE,0,Utopia Coliseum (Dusk),48,27,11,10,53,23,16,15,52,19,15,18,49,31,12,7,48,26,10,13,52,24,17,11,22,14,6,2,31,12,9,10,67,39,17,11,33,10,10,13,2414,2212,2705,2564,560818,268237,148776,143805,313386,149500,76244,87642,234576,113636,68385,52555,215918,101259,63721,50938,18658,12377,4664,1617,63,61,65,68,11,4,4,3,29,12,9,8,47,24,11,12,24,14,7,4,1,1,0,0,59,29,14,15,41,21,12,9,38,18,11,8,4,3,1,0,49,56,46,38,16,4,6,6,40,15,12,13,20,11,5,4,40,24,10,7,7,5,2,0,3173,1249,1399,525,3049,1689,679,681,532,181,146,205,459,154,180,125,1660,756,443,461,1749,878,509,362,1588,763,473,352,161,115,36,10,5,4,1,0,4,1,3,0,4,0,3,1,10,4,4,2,8,6,1,1,6,6,0,0,479,0,0,0,1,0,0,0,2,0,0,0,0,0,0,0,2,0,0,0,1,1,0,0,0,0,0,0,0,0,0,0,0,0,0,0,83,83,0,0,0,0,0,0,76,76,0,0,72,36,16,20,27,10,15,2,25,23,0,2,653,230,360,63,839,409,192,238,2047,770,1140,137
Zany,SSA-P-10164,Steam|76561199058797271|0,STARTER,2026-06-13T20:01:38.000Z,20260613-200138-2026-2v2-2v2-Playoffs-UQF-G4,2026,2v2,2v2,2,Playoffs,UQF,7,4,17,BLACK AND WHITE,FALSE,FALSE,0,Utopia Coliseum (Dusk),53,25,13,14,47,30,12,6,49,20,14,14,51,35,10,6,60,33,15,12,40,23,10,8,18,7,8,3,22,9,5,8,73,43,17,13,27,12,8,7,2139,2316,2321,1524,506069,273738,123124,109207,287327,153511,69224,64592,204138,112051,50347,41740,192203,102818,48862,40523,11935,9233,1485,1217,58,57,59,63,5,2,2,1,20,10,5,6,42,25,10,8,37,21,10,6,0,0,0,0,63,35,15,13,37,20,10,7,34,18,10,6,3,2,1,1,45,51,39,39,19,6,6,6,51,26,15,10,14,6,3,4,35,23,7,5,11,8,1,2,2772,1408,851,513,2660,1563,621,476,214,133,31,50,235,97,76,62,1478,898,296,284,1540,822,428,290,1404,737,400,267,136,85,28,23,4,2,0,2,5,4,1,0,3,0,2,1,7,1,5,1,5,1,2,2,5,3,1,1,437,0,0,0,1,0,0,0,4,0,0,0,1,0,0,0,1,0,0,0,0,0,0,0,1,1,0,0,28,28,0,0,62,62,0,0,0,0,0,0,28,28,0,0,0,0,0,0,101,67,18,16,20,10,7,3,57,39,9,9,279,241,38,0,1155,765,207,183,1721,759,662,300
gunz,SSA-P-10131,Steam|76561199014096651|0,STARTER,2026-06-13T20:01:38.000Z,20260613-200138-2026-2v2-2v2-Playoffs-UQF-G4,2026,2v2,2v2,2,Playoffs,UQF,7,4,17,THE MEATBALLS,TRUE,FALSE,0,Utopia Coliseum (Dusk),54,23,13,19,46,22,11,13,47,12,12,23,53,32,12,9,41,18,10,14,59,27,14,18,30,12,5,13,29,11,9,9,74,36,18,20,26,8,6,12,2018,2335,2125,1534,498160,216323,123282,158555,250862,111322,68704,70836,235808,100832,51642,83334,182001,75480,41468,65053,53807,25352,10174,18281,57,56,61,56,10,4,2,4,22,8,7,7,41,19,9,13,37,17,8,12,1,1,0,0,55,25,14,16,45,20,10,16,32,14,8,11,13,6,2,4,50,56,50,44,13,4,4,5,37,13,10,14,24,12,4,8,39,19,10,10,10,4,3,3,2947,1473,949,525,2863,1416,712,735,191,68,81,42,421,157,105,159,1302,577,382,343,1917,844,412,661,1374,587,315,472,543,257,97,189,5,1,0,4,5,2,1,2,1,1,0,0,7,4,1,2,7,5,1,1,16,6,3,7,892,0,0,0,3,0,0,0,8,0,0,0,3,0,0,0,2,0,0,0,0,0,0,0,1,0,0,1,65,0,0,65,61,0,0,61,0,0,0,0,65,0,0,65,0,0,0,0,74,36,11,27,24,12,10,2,38,20,1,17,601,413,167,21,850,412,131,307,1799,787,833,179
tehqoz,SSA-P-10281,Steam|76561198826433632|0,STARTER,2026-06-13T20:01:38.000Z,20260613-200138-2026-2v2-2v2-Playoffs-UQF-G4,2026,2v2,2v2,2,Playoffs,UQF,7,4,17,THE MEATBALLS,TRUE,FALSE,0,Utopia Coliseum (Dusk),46,15,12,20,55,20,17,18,54,15,16,23,47,20,12,15,43,17,11,15,57,18,17,21,23,5,10,8,16,3,4,9,70,28,18,23,30,7,10,13,2472,2630,2831,2105,546711,190133,147434,209144,246979,89805,76901,80273,284938,95148,67236,122554,263776,89273,60708,113795,21162,5875,6528,8759,62,61,61,65,14,4,3,7,32,10,8,14,38,15,9,14,29,10,10,9,0,0,0,0,49,18,16,16,51,17,12,21,46,16,11,19,5,2,1,2,45,42,52,43,11,3,4,5,48,17,12,18,19,9,4,7,33,9,12,12,4,1,2,1,3199,1162,1011,1026,3073,1225,614,1234,369,121,122,126,608,194,121,293,1128,410,247,471,2152,740,530,882,1922,668,473,781,230,72,57,101,5,0,3,2,5,0,2,3,6,1,5,0,6,0,3,3,10,2,5,3,7,3,2,2,853,0,0,0,5,0,0,0,5,0,0,0,0,0,0,0,1,0,0,0,0,0,0,0,0,0,0,0,0,0,0,0,0,0,0,0,0,0,0,0,0,0,0,0,0,0,0,0,94,41,18,35,26,8,9,9,36,7,8,21,428,196,91,141,1092,485,208,399,2172,604,809,759